תאריך,מסכת,פרק,משנה,סימן,סעיף,ספר הלכה,עברי
14/09/15,טהרות,א-ב,ט-א,תרסב,א-ג,"שו""ע או""ח","א תשרי תשע""ו"
15/09/15,טהרות,ב,ב-ג,תרסג,א-ג,"שו""ע או""ח","ב תשרי תשע""ו"
16/09/15,טהרות,ב,ד-ה,תרסד,א-ג,"שו""ע או""ח","ג תשרי תשע""ו"
17/09/15,טהרות,ב,ו-ז,תרסד,ד-ו,"שו""ע או""ח","ד תשרי תשע""ו"
18/09/15,טהרות,ב-ג,ח-א,תרסד,ז-ט,"שו""ע או""ח","ה תשרי תשע""ו"
19/09/15,טהרות,ג,ב-ג,תרסד-ה,י-א,"שו""ע או""ח","ו תשרי תשע""ו"
20/09/15,טהרות,ג,ד-ה,תרסה-ו-ז,ב-א,"שו""ע או""ח","ז תשרי תשע""ו"
21/09/15,טהרות,ג,ו-ז,תרסח-ט,א-א,"שו""ע או""ח","ח תשרי תשע""ו"
22/09/15,טהרות,ג-ד,ח-א,תרע,א-ג,"שו""ע או""ח","ט תשרי תשע""ו"
23/09/15,טהרות,ד,ב-ג,תרעא,א-ג,"שו""ע או""ח","י תשרי תשע""ו"
24/09/15,טהרות,ד,ד-ה,תרעא,ד-ו,"שו""ע או""ח","יא תשרי תשע""ו"
25/09/15,טהרות,ד,ו-ז,תרעא-ב,ז-א,"שו""ע או""ח","יב תשרי תשע""ו"
26/09/15,טהרות,ד,ח-ט,תרעב-ג,ב-ב,"שו""ע או""ח","יג תשרי תשע""ו"
27/09/15,טהרות,ד,י-יא,תרעג-ד,ג-א,"שו""ע או""ח","יד תשרי תשע""ו"
28/09/15,טהרות,ד,יב-יג,תרעד-ה,ב-ב,"שו""ע או""ח","טו תשרי תשע""ו"
29/09/15,טהרות,ה,א-ב,תרעה-ו,ג-ב,"שו""ע או""ח","טז תשרי תשע""ו"
30/09/15,טהרות,ה,ג-ד,תרעו,ג-ה,"שו""ע או""ח","יז תשרי תשע""ו"
01/10/15,טהרות,ה,ה-ו,תרעז,א-ג,"שו""ע או""ח","יח תשרי תשע""ו"
02/10/15,טהרות,ה,ז-ח,תרעז-ח-ט,ד-א,"שו""ע או""ח","יט תשרי תשע""ו"
03/10/15,טהרות,ה-ו,ט-א,תרפ-א,א-א,"שו""ע או""ח","כ תשרי תשע""ו"
04/10/15,טהרות,ו,ב-ג,תרפא-ב,ב-ב,"שו""ע או""ח","כא תשרי תשע""ו"
05/10/15,טהרות,ו,ד-ה,תרפב-ג-ד,ג-א,"שו""ע או""ח","כב תשרי תשע""ו"
06/10/15,טהרות,ו,ו-ז,תרפד-ה,ב-א,"שו""ע או""ח","כג תשרי תשע""ו"
07/10/15,טהרות,ו,ח-ט,תרפה,ב-ד,"שו""ע או""ח","כד תשרי תשע""ו"
08/10/15,טהרות,ו-ז,י-א,תרפה,ה-ז,"שו""ע או""ח","כה תשרי תשע""ו"
09/10/15,טהרות,ז,ב-ג,תרפו,א-ג,"שו""ע או""ח","כו תשרי תשע""ו"
10/10/15,טהרות,ז,ד-ה,תרפז-ח,א-א,"שו""ע או""ח","כז תשרי תשע""ו"
11/10/15,טהרות,ז,ו-ז,תרפח,ב-ד,"שו""ע או""ח","כח תשרי תשע""ו"
12/10/15,טהרות,ז,ח-ט,תרפח,ה-ז,"שו""ע או""ח","כט תשרי תשע""ו"
13/10/15,טהרות,ח,א-ב,תרפח-ט,ח-ב,"שו""ע או""ח","ל תשרי תשע""ו"
14/10/15,טהרות,ח,ג-ד,תרפט,ג-ה,"שו""ע או""ח","א חשון תשע""ו"
15/10/15,טהרות,ח,ה-ו,תרפט-צ,ו-ב,"שו""ע או""ח","ב חשון תשע""ו"
16/10/15,טהרות,ח,ז-ח,תרצ,ג-ה,"שו""ע או""ח","ג חשון תשע""ו"
17/10/15,טהרות,ח-ט,ט-א,תרצ,ו-ח,"שו""ע או""ח","ד חשון תשע""ו"
18/10/15,טהרות,ט,ב-ג,תרצ,ט-יא,"שו""ע או""ח","ה חשון תשע""ו"
19/10/15,טהרות,ט,ד-ה,תרצ,יב-יד,"שו""ע או""ח","ו חשון תשע""ו"
20/10/15,טהרות,ט,ו-ז,תרצ,טו-יז,"שו""ע או""ח","ז חשון תשע""ו"
21/10/15,טהרות,ט,ח-ט,תרצ-א,יח-ב,"שו""ע או""ח","ח חשון תשע""ו"
22/10/15,טהרות,י,א-ב,תרצא,ג-ה,"שו""ע או""ח","ט חשון תשע""ו"
23/10/15,טהרות,י,ג-ד,תרצא,ו-ח,"שו""ע או""ח","י חשון תשע""ו"
24/10/15,טהרות,י,ה-ו,תרצא,ט-יא,"שו""ע או""ח","יא חשון תשע""ו"
25/10/15,טהרות,י,ז-ח,תרצב,א-ג,"שו""ע או""ח","יב חשון תשע""ו"
26/10/15,מקוואות,א,א-ב,תרצב-ג,ד-ב,"שו""ע או""ח","יג חשון תשע""ו"
27/10/15,מקוואות,א,ג-ד,תרצג-ד,ג-א,"שו""ע או""ח","יד חשון תשע""ו"
28/10/15,מקוואות,א,ה-ו,תרצד,ב-ד,"שו""ע או""ח","טו חשון תשע""ו"
29/10/15,מקוואות,א,ז-ח,תרצה,א-ג,"שו""ע או""ח","טז חשון תשע""ו"
30/10/15,מקוואות,ב,א-ב,תרצה-ו,ד-ב,"שו""ע או""ח","יז חשון תשע""ו"
31/10/15,מקוואות,ב,ג-ד,תרצו,ג-ה,"שו""ע או""ח","יח חשון תשע""ו"
01/11/15,מקוואות,ב,ה-ו,תרצו-ז*,ו-א,"שו""ע או""ח","יט חשון תשע""ו"
02/11/15,מקוואות,ב,ז-ח,יא,א-ה,"קיצור שו""ע","כ חשון תשע""ו"
03/11/15,מקוואות,ב,ט-י,יא,ו-י,"קיצור שו""ע","כא חשון תשע""ו"
04/11/15,מקוואות,ג,א-ב,יא,יא-טו,"קיצור שו""ע","כב חשון תשע""ו"
05/11/15,מקוואות,ג,ג-ד,יא,טז-כ,"קיצור שו""ע","כג חשון תשע""ו"
06/11/15,מקוואות,ד,א-ב,יא,כא-כה,"קיצור שו""ע","כד חשון תשע""ו"
07/11/15,מקוואות,ד,ג-ד,כד,א-ה,"קיצור שו""ע","כה חשון תשע""ו"
08/11/15,מקוואות,ד-ה,ה-א,כד,ו-י,"קיצור שו""ע","כו חשון תשע""ו"
09/11/15,מקוואות,ה,ב-ג,"כז כד,",יא-ג,"קיצור שו""ע","כז חשון תשע""ו"
10/11/15,מקוואות,ה,ד-ה,כז-כח,ד-ג,"קיצור שו""ע","כח חשון תשע""ו"
11/11/15,מקוואות,ה-ו,ו-א,כח,ד-ח,"קיצור שו""ע","כט חשון תשע""ו"
12/11/15,מקוואות,ו,ב-ג,כח,ט-יג,"קיצור שו""ע","ל חשון תשע""ו"
13/11/15,מקוואות,ו,ד-ה,כט,א-ה,"קיצור שו""ע","א כסלו תשע""ו"
14/11/15,מקוואות,ו,ו-ז,כט,ו-י,"קיצור שו""ע","ב כסלו תשע""ו"
15/11/15,מקוואות,ו,ח-ט,כט,יא-טו,"קיצור שו""ע","ג כסלו תשע""ו"
16/11/15,מקוואות,ו,י-יא,כט,טז-כ,"קיצור שו""ע","ד כסלו תשע""ו"
17/11/15,מקוואות,ז,א-ב,כט-ל,כא-ד,"קיצור שו""ע","ה כסלו תשע""ו"
18/11/15,מקוואות,ז,ג-ד,ל,ה-ט,"קיצור שו""ע","ו כסלו תשע""ו"
19/11/15,מקוואות,ז,ה-ו,לא,א-ה,"קיצור שו""ע","ז כסלו תשע""ו"
20/11/15,מקוואות,ז-ח,ז-א,לא-לב,ו-ג,"קיצור שו""ע","ח כסלו תשע""ו"
21/11/15,מקוואות,ח,ב-ג,לב,ד-ח,"קיצור שו""ע","ט כסלו תשע""ו"
22/11/15,מקוואות,ח,ד-ה,לב,ט-יג,"קיצור שו""ע","י כסלו תשע""ו"
23/11/15,מקוואות,ט,א-ב,לב,יד-יח,"קיצור שו""ע","יא כסלו תשע""ו"
24/11/15,מקוואות,ט,ג-ד,לב,יט-כג,"קיצור שו""ע","יב כסלו תשע""ו"
25/11/15,מקוואות,ט,ה-ו,לב-לג,כד-א,"קיצור שו""ע","יג כסלו תשע""ו"
26/11/15,מקוואות,ט-י,ז-א,לג,ב-ו,"קיצור שו""ע","יד כסלו תשע""ו"
27/11/15,מקוואות,י,ב-ג,לג,ז-יא,"קיצור שו""ע","טו כסלו תשע""ו"
28/11/15,מקוואות,י,ד-ה,לג-ד,יב-ב,"קיצור שו""ע","טז כסלו תשע""ו"
29/11/15,מקוואות,י,ו-ז,לד,ג-ז,"קיצור שו""ע","יז כסלו תשע""ו"
30/11/15,מקוואות-נדה,י-א,ח-א,לד,ח-יב,"קיצור שו""ע","יח כסלו תשע""ו"
01/12/15,נדה,א,ב-ג,לד-ה,יג-א,"קיצור שו""ע","יט כסלו תשע""ו"
02/12/15,נדה,א,ד-ה,לה,ב-ו,"קיצור שו""ע","כ כסלו תשע""ו"
03/12/15,נדה,א,ו-ז,לה-ו,ז-ב,"קיצור שו""ע","כא כסלו תשע""ו"
04/12/15,נדה,ב,א-ב,לו,ג-ז,"קיצור שו""ע","כב כסלו תשע""ו"
05/12/15,נדה,ב,ג-ד,לו,ח-יב,"קיצור שו""ע","כג כסלו תשע""ו"
06/12/15,נדה,ב,ה-ו,לו,יג-יז,"קיצור שו""ע","כד כסלו תשע""ו"
07/12/15,נדה,ב-ג,ז-א,לו,יח-כב,"קיצור שו""ע","כה כסלו תשע""ו"
08/12/15,נדה,ג,ב-ג,לו,כג-כז,"קיצור שו""ע","כו כסלו תשע""ו"
09/12/15,נדה,ג,ד-ה,לו-ז,כח-ד,"קיצור שו""ע","כז כסלו תשע""ו"
10/12/15,נדה,ג,ו-ז,לז,ה-ט,"קיצור שו""ע","כח כסלו תשע""ו"
11/12/15,נדה,ד,א-ב,לז-ח,י-א,"קיצור שו""ע","כט כסלו תשע""ו"
12/12/15,נדה,ד,ג-ד,לח,ב-ו,"קיצור שו""ע","ל כסלו תשע""ו"
13/12/15,נדה,ד,ה-ו,,,"קיצור שו""ע","א טבת תשע""ו"
14/12/15,נדה,ד-ה,ז-א,,,"קיצור שו""ע","ב טבת תשע""ו"
15/12/15,נדה,ה,ב-ג,,,"קיצור שו""ע","ג טבת תשע""ו"
16/12/15,נדה,ה,ד-ה,,,"קיצור שו""ע","ד טבת תשע""ו"
17/12/15,נדה,ה,ו-ז,,,"קיצור שו""ע","ה טבת תשע""ו"
18/12/15,נדה,ה,ח-ט,,,"קיצור שו""ע","ו טבת תשע""ו"
19/12/15,נדה,ו,א-ב,,,"קיצור שו""ע","ז טבת תשע""ו"
20/12/15,נדה,ו,ג-ד,,,"קיצור שו""ע","ח טבת תשע""ו"
21/12/15,נדה,ו,ה-ו,,,"קיצור שו""ע","ט טבת תשע""ו"
22/12/15,נדה,ו,ז-ח,,,"קיצור שו""ע","י טבת תשע""ו"
23/12/15,נדה,ו,ט-י,,,"קיצור שו""ע","יא טבת תשע""ו"
24/12/15,נדה,ו,יא-יב,,,"קיצור שו""ע","יב טבת תשע""ו"
25/12/15,נדה,ו,יג-יד,,,"קיצור שו""ע","יג טבת תשע""ו"
26/12/15,נדה,ז,א-ב,,,"קיצור שו""ע","יד טבת תשע""ו"
27/12/15,נדה,ז,ג-ד,,,"קיצור שו""ע","טו טבת תשע""ו"
28/12/15,נדה,ז-ח,ה-א,,,"קיצור שו""ע","טז טבת תשע""ו"
29/12/15,נדה,ח,ב-ג,,,"קיצור שו""ע","יז טבת תשע""ו"
30/12/15,נדה,ח-ט,ד-א,,,"קיצור שו""ע","יח טבת תשע""ו"
31/12/15,נדה,ט,ב-ג,,,"קיצור שו""ע","יט טבת תשע""ו"
01/01/16,נדה,ט,ד-ה,,,"קיצור שו""ע","כ טבת תשע""ו"
02/01/16,נדה,ט,ו-ז,,,"קיצור שו""ע","כא טבת תשע""ו"
03/01/16,נדה,ט,ח-ט,,,"קיצור שו""ע","כב טבת תשע""ו"
04/01/16,נדה,ט,י-יא,,,"קיצור שו""ע","כג טבת תשע""ו"
05/01/16,נדה,י,א-ב,,,"קיצור שו""ע","כד טבת תשע""ו"
06/01/16,נדה,י,ג-ד,,,"קיצור שו""ע","כה טבת תשע""ו"
07/01/16,נדה,י,ה-ו,,,"קיצור שו""ע","כו טבת תשע""ו"
08/01/16,נדה,י,ז-ח,,,"קיצור שו""ע","כז טבת תשע""ו"
09/01/16,מכשירין,א,א-ב,,,"קיצור שו""ע","כח טבת תשע""ו"
10/01/16,מכשירין,א,ג-ד,,,"קיצור שו""ע","כט טבת תשע""ו"
11/01/16,מכשירין,א,ה-ו,,,"קיצור שו""ע","א שבט תשע""ו"
12/01/16,מכשירין,ב,א-ב,,,"קיצור שו""ע","ב שבט תשע""ו"
13/01/16,מכשירין,ב,ג-ד,,,"קיצור שו""ע","ג שבט תשע""ו"
14/01/16,מכשירין,ב,ה-ו,,,"קיצור שו""ע","ד שבט תשע""ו"
15/01/16,מכשירין,ב,ז-ח,,,"קיצור שו""ע","ה שבט תשע""ו"
16/01/16,מכשירין,ב,ט-י,,,"קיצור שו""ע","ו שבט תשע""ו"
17/01/16,מכשירין,ב-ג,יא-א,,,"קיצור שו""ע","ז שבט תשע""ו"
18/01/16,מכשירין,ג,ב-ג,,,"קיצור שו""ע","ח שבט תשע""ו"
19/01/16,מכשירין,ג,ד-ה,,,"קיצור שו""ע","ט שבט תשע""ו"
20/01/16,מכשירין,ג,ו-ז,,,"קיצור שו""ע","י שבט תשע""ו"
21/01/16,מכשירין,ג-ד,ח-א,,,"קיצור שו""ע","יא שבט תשע""ו"
22/01/16,מכשירין,ד,ב-ג,,,"קיצור שו""ע","יב שבט תשע""ו"
23/01/16,מכשירין,ד,ד-ה,,,"קיצור שו""ע","יג שבט תשע""ו"
24/01/16,מכשירין,ד,ו-ז,,,"קיצור שו""ע","יד שבט תשע""ו"
25/01/16,מכשירין,ד,ח-ט,,,"קיצור שו""ע","טו שבט תשע""ו"
26/01/16,מכשירין,ד-ה,י-א,,,"קיצור שו""ע","טז שבט תשע""ו"
27/01/16,מכשירין,ה,ב-ג,,,"קיצור שו""ע","יז שבט תשע""ו"
28/01/16,מכשירין,ה,ד-ה,,,"קיצור שו""ע","יח שבט תשע""ו"
29/01/16,מכשירין,ה,ו-ז,,,"קיצור שו""ע","יט שבט תשע""ו"
30/01/16,מכשירין,ה,ח-ט,,,"קיצור שו""ע","כ שבט תשע""ו"
31/01/16,מכשירין,ה,י-יא,,,"קיצור שו""ע","כא שבט תשע""ו"
01/02/16,מכשירין,ו,א-ב,,,"קיצור שו""ע","כב שבט תשע""ו"
02/02/16,מכשירין,ו,ג-ד,,,"קיצור שו""ע","כג שבט תשע""ו"
03/02/16,מכשירין,ו,ה-ו,,,"קיצור שו""ע","כד שבט תשע""ו"
04/02/16,מכשירין,ו,ז-ח,,,"קיצור שו""ע","כה שבט תשע""ו"
05/02/16,זבין,א,א-ב,,,"קיצור שו""ע","כו שבט תשע""ו"
06/02/16,זבין,א,ג-ד,,,"קיצור שו""ע","כז שבט תשע""ו"
07/02/16,זבין,א,ה-ו,,,"קיצור שו""ע","כח שבט תשע""ו"
08/02/16,זבין,ב,א-ב,,,"קיצור שו""ע","כט שבט תשע""ו"
09/02/16,זבין,ב,ג-ד,,,"קיצור שו""ע","ל שבט תשע""ו"
10/02/16,זבין,ג,א-ב,,,"קיצור שו""ע","א אדר א' תשע""ו"
11/02/16,זבין,ג-ד,ג-א,,,"קיצור שו""ע","ב אדר א' תשע""ו"
12/02/16,זבין,ד,ב-ג,,,"קיצור שו""ע","ג אדר א' תשע""ו"
13/02/16,זבין,ד,ד-ה,,,"קיצור שו""ע","ד אדר א' תשע""ו"
14/02/16,זבין,ד,ו-ז,,,"קיצור שו""ע","ה אדר א' תשע""ו"
15/02/16,זבין,ה,א-ב,,,"קיצור שו""ע","ו אדר א' תשע""ו"
16/02/16,זבין,ה,ג-ד,,,"קיצור שו""ע","ז אדר א' תשע""ו"
17/02/16,זבין,ה,ה-ו,,,"קיצור שו""ע","ח אדר א' תשע""ו"
18/02/16,זבין,ה,ז-ח,,,"קיצור שו""ע","ט אדר א' תשע""ו"
19/02/16,זבין,ה,ט-י,,,"קיצור שו""ע","י אדר א' תשע""ו"
20/02/16,זבין,ה,יא-יב,,,"קיצור שו""ע","יא אדר א' תשע""ו"
21/02/16,טבול-יום,א,א-ב,,,"קיצור שו""ע","יב אדר א' תשע""ו"
22/02/16,טבול-יום,א,ג-ד,,,"קיצור שו""ע","יג אדר א' תשע""ו"
23/02/16,טבול-יום,א-ב,ה-א,,,"קיצור שו""ע","יד אדר א' תשע""ו"
24/02/16,טבול-יום,ב,ב-ג,,,"קיצור שו""ע","טו אדר א' תשע""ו"
25/02/16,טבול-יום,ב,ד-ה,,,"קיצור שו""ע","טז אדר א' תשע""ו"
26/02/16,טבול-יום,ב,ו-ז,,,"קיצור שו""ע","יז אדר א' תשע""ו"
27/02/16,טבול-יום,ב-ג,ח-א,,,"קיצור שו""ע","יח אדר א' תשע""ו"
28/02/16,טבול-יום,ג,ב-ג,,,"קיצור שו""ע","יט אדר א' תשע""ו"
29/02/16,טבול-יום,ג,ד-ה,,,"קיצור שו""ע","כ אדר א' תשע""ו"
01/03/16,טבול-יום,ג-ד,ו-א,,,"קיצור שו""ע","כא אדר א' תשע""ו"
02/03/16,טבול-יום,ד,ב-ג,,,"קיצור שו""ע","כב אדר א' תשע""ו"
03/03/16,טבול-יום,ד,ד-ה,,,"קיצור שו""ע","כג אדר א' תשע""ו"
04/03/16,טבול-יום,ד,ו-ז,,,"קיצור שו""ע","כד אדר א' תשע""ו"
05/03/16,ידים,א,א-ב,,,"קיצור שו""ע","כה אדר א' תשע""ו"
06/03/16,ידים,א,ג-ד,,,"קיצור שו""ע","כו אדר א' תשע""ו"
07/03/16,ידים,א-ב,ה-א,,,"קיצור שו""ע","כז אדר א' תשע""ו"
08/03/16,ידים,ב,ב-ג,,,"קיצור שו""ע","כח אדר א' תשע""ו"
09/03/16,ידים,ב-ג,ד-א,,,"קיצור שו""ע","כט אדר א' תשע""ו"
10/03/16,ידים,ג,ב-ג,,,"קיצור שו""ע","ל אדר א' תשע""ו"
11/03/16,ידים,ג,ד-ה,,,"קיצור שו""ע","א אדר ב' תשע""ו"
12/03/16,ידים,ד,א-ב,,,"קיצור שו""ע","ב אדר ב' תשע""ו"
13/03/16,ידים,ד,ג-ד,,,"קיצור שו""ע","ג אדר ב' תשע""ו"
14/03/16,ידים,ד,ה-ו,,,"קיצור שו""ע","ד אדר ב' תשע""ו"
15/03/16,ידים,ד,ז-ח,,,"קיצור שו""ע","ה אדר ב' תשע""ו"
16/03/16,עוקצין,א,א-ב,,,"קיצור שו""ע","ו אדר ב' תשע""ו"
17/03/16,עוקצין,א,ג-ד,,,"קיצור שו""ע","ז אדר ב' תשע""ו"
18/03/16,עוקצין,א,ה-ו,,,"קיצור שו""ע","ח אדר ב' תשע""ו"
19/03/16,עוקצין,ב,א-ב,,,"קיצור שו""ע","ט אדר ב' תשע""ו"
20/03/16,עוקצין,ב,ג-ד,,,"קיצור שו""ע","י אדר ב' תשע""ו"
21/03/16,עוקצין,ב,ה-ו,,,"קיצור שו""ע","יא אדר ב' תשע""ו"
22/03/16,עוקצין,ב,ז-ח,,,"קיצור שו""ע","יב אדר ב' תשע""ו"
23/03/16,עוקצין,ב,ט-י,,,"קיצור שו""ע","יג אדר ב' תשע""ו"
24/03/16,עוקצין,ג,א-ב,,,"קיצור שו""ע","יד אדר ב' תשע""ו"
25/03/16,עוקצין,ג,ג-ד,,,"קיצור שו""ע","טו אדר ב' תשע""ו"
26/03/16,עוקצין,ג,ה-ו,,,"קיצור שו""ע","טז אדר ב' תשע""ו"
27/03/16,עוקצין,ג,ז-ח,,,"קיצור שו""ע","יז אדר ב' תשע""ו"
28/03/16,עוקצין,ג,ט-י,,,"קיצור שו""ע","יח אדר ב' תשע""ו"
29/03/16,עוקצין,ג,יא-יב,,,"קיצור שו""ע","יט אדר ב' תשע""ו"
30/03/16,ברכות,א,א-ב,,,"קיצור שו""ע","כ אדר ב' תשע""ו"
31/03/16,ברכות,א,ג-ד,,,"קיצור שו""ע","כא אדר ב' תשע""ו"
01/04/16,ברכות,א-ב,ה-א,,,"קיצור שו""ע","כב אדר ב' תשע""ו"
02/04/16,ברכות,ב,ב-ג,,,"קיצור שו""ע","כג אדר ב' תשע""ו"
03/04/16,ברכות,ב,ד-ה,,,"קיצור שו""ע","כד אדר ב' תשע""ו"
04/04/16,ברכות,ב,ו-ז,,,"קיצור שו""ע","כה אדר ב' תשע""ו"
05/04/16,ברכות,ב-ג,ח-א,,,"קיצור שו""ע","כו אדר ב' תשע""ו"
06/04/16,ברכות,ג,ב-ג,,,"קיצור שו""ע","כז אדר ב' תשע""ו"
07/04/16,ברכות,ג,ד-ה,,,"קיצור שו""ע","כח אדר ב' תשע""ו"
08/04/16,ברכות,ג-ד,ו-א,,,"קיצור שו""ע","כט אדר ב' תשע""ו"
09/04/16,ברכות,ד,ב-ג,,,"קיצור שו""ע","א ניסן תשע""ו"
10/04/16,ברכות,ד,ד-ה,,,"קיצור שו""ע","ב ניסן תשע""ו"
11/04/16,ברכות,ד,ו-ז,,,"קיצור שו""ע","ג ניסן תשע""ו"
12/04/16,ברכות,ה,א-ב,,,"קיצור שו""ע","ד ניסן תשע""ו"
13/04/16,ברכות,ה,ג-ד,,,"קיצור שו""ע","ה ניסן תשע""ו"
14/04/16,ברכות,ה-ו,ה-א,,,"קיצור שו""ע","ו ניסן תשע""ו"
15/04/16,ברכות,ו,ב-ג,,,"קיצור שו""ע","ז ניסן תשע""ו"
16/04/16,ברכות,ו,ד-ה,,,"קיצור שו""ע","ח ניסן תשע""ו"
17/04/16,ברכות,ו,ו-ז,,,"קיצור שו""ע","ט ניסן תשע""ו"
18/04/16,ברכות,ו-ז,ח-א,,,"קיצור שו""ע","י ניסן תשע""ו"
19/04/16,ברכות,ז,ב-ג,,,"קיצור שו""ע","יא ניסן תשע""ו"
20/04/16,ברכות,ז,ד-ה,,,"קיצור שו""ע","יב ניסן תשע""ו"
21/04/16,ברכות,ח,א-ב,,,"קיצור שו""ע","יג ניסן תשע""ו"
22/04/16,ברכות,ח,ג-ד,,,"קיצור שו""ע","יד ניסן תשע""ו"
23/04/16,ברכות,ח,ה-ו,,,"קיצור שו""ע","טו ניסן תשע""ו"
24/04/16,ברכות,ח,ז-ח,,,"קיצור שו""ע","טז ניסן תשע""ו"
25/04/16,ברכות,ט,א-ב,,,"קיצור שו""ע","יז ניסן תשע""ו"
26/04/16,ברכות,ט,ג-ד,,,"קיצור שו""ע","יח ניסן תשע""ו"
27/04/16,ברכות-פאה,ט-א,ה-א,,,"קיצור שו""ע","יט ניסן תשע""ו"
28/04/16,פאה,א,ב-ג,,,"קיצור שו""ע","כ ניסן תשע""ו"
29/04/16,פאה,א,ד-ה,,,"קיצור שו""ע","כא ניסן תשע""ו"
30/04/16,פאה,א-ב,ו-א,,,"קיצור שו""ע","כב ניסן תשע""ו"
01/05/16,פאה,ב,ב-ג,,,"קיצור שו""ע","כג ניסן תשע""ו"
02/05/16,פאה,ב,ד-ה,,,"קיצור שו""ע","כד ניסן תשע""ו"
03/05/16,פאה,ב,ו-ז,,,"קיצור שו""ע","כה ניסן תשע""ו"
04/05/16,פאה,ב-ג,ח-א,,,"קיצור שו""ע","כו ניסן תשע""ו"
05/05/16,פאה,ג,ב-ג,,,"קיצור שו""ע","כז ניסן תשע""ו"
06/05/16,פאה,ג,ד-ה,,,"קיצור שו""ע","כח ניסן תשע""ו"
07/05/16,פאה,ג,ו-ז,,,"קיצור שו""ע","כט ניסן תשע""ו"
08/05/16,פאה,ג-ד,ח-א,,,"קיצור שו""ע","ל ניסן תשע""ו"
09/05/16,פאה,ד,ב-ג,,,"קיצור שו""ע","א אייר תשע""ו"
10/05/16,פאה,ד,ד-ה,,,"קיצור שו""ע","ב אייר תשע""ו"
11/05/16,פאה,ד,ו-ז,,,"קיצור שו""ע","ג אייר תשע""ו"
12/05/16,פאה,ד,ח-ט,,,"קיצור שו""ע","ד אייר תשע""ו"
13/05/16,פאה,ד,י-יא,,,"קיצור שו""ע","ה אייר תשע""ו"
14/05/16,פאה,ה,א-ב,,,"קיצור שו""ע","ו אייר תשע""ו"
15/05/16,פאה,ה,ג-ד,,,"קיצור שו""ע","ז אייר תשע""ו"
16/05/16,פאה,ה,ה-ו,,,"קיצור שו""ע","ח אייר תשע""ו"
17/05/16,פאה,ה,ז-ח,,,"קיצור שו""ע","ט אייר תשע""ו"
18/05/16,פאה,ו,א-ב,,,"קיצור שו""ע","י אייר תשע""ו"
19/05/16,פאה,ו,ג-ד,,,"קיצור שו""ע","יא אייר תשע""ו"
20/05/16,פאה,ו,ה-ו,,,"קיצור שו""ע","יב אייר תשע""ו"
21/05/16,פאה,ו,ז-ח,,,"קיצור שו""ע","יג אייר תשע""ו"
22/05/16,פאה,ו,ט-י,,,"קיצור שו""ע","יד אייר תשע""ו"
23/05/16,פאה,ו-ז,יא-א,,,"קיצור שו""ע","טו אייר תשע""ו"
24/05/16,פאה,ז,ב-ג,,,"קיצור שו""ע","טז אייר תשע""ו"
25/05/16,פאה,ז,ד-ה,,,"קיצור שו""ע","יז אייר תשע""ו"
26/05/16,פאה,ז,ו-ז,,,"קיצור שו""ע","יח אייר תשע""ו"
27/05/16,פאה,ז-ח,ח-א,,,"קיצור שו""ע","יט אייר תשע""ו"
28/05/16,פאה,ח,ב-ג,,,"קיצור שו""ע","כ אייר תשע""ו"
29/05/16,פאה,ח,ד-ה,,,"קיצור שו""ע","כא אייר תשע""ו"
30/05/16,פאה,ח,ו-ז,,,"קיצור שו""ע","כב אייר תשע""ו"
31/05/16,פאה,ח,ח-ט,,,"קיצור שו""ע","כג אייר תשע""ו"
01/06/16,דמאי,א,א-ב,,,"קיצור שו""ע","כד אייר תשע""ו"
02/06/16,דמאי,א,ג-ד,,,"קיצור שו""ע","כה אייר תשע""ו"
03/06/16,דמאי,ב,א-ב,,,"קיצור שו""ע","כו אייר תשע""ו"
04/06/16,דמאי,ב,ג-ד,,,"קיצור שו""ע","כז אייר תשע""ו"
05/06/16,דמאי,ב-ג,ה-א,,,"קיצור שו""ע","כח אייר תשע""ו"
06/06/16,דמאי,ג,ב-ג,,,"קיצור שו""ע","כט אייר תשע""ו"
07/06/16,דמאי,ג,ד-ה,,,"קיצור שו""ע","א סיון תשע""ו"
08/06/16,דמאי,ג-ד,ו-א,,,"קיצור שו""ע","ב סיון תשע""ו"
09/06/16,דמאי,ד,ב-ג,,,"קיצור שו""ע","ג סיון תשע""ו"
10/06/16,דמאי,ד,ד-ה,,,"קיצור שו""ע","ד סיון תשע""ו"
11/06/16,דמאי,ד,ו-ז,,,"קיצור שו""ע","ה סיון תשע""ו"
12/06/16,דמאי,ה,א-ב,,,"קיצור שו""ע","ו סיון תשע""ו"
13/06/16,דמאי,ה,ג-ד,א,א-ג,"שו""ע או""ח","ז סיון תשע""ו"
14/06/16,דמאי,ה,ה-ו,א,ד-ו,"שו""ע או""ח","ח סיון תשע""ו"
15/06/16,דמאי,ה,ז-ח,א,ז-ט,"שו""ע או""ח","ט סיון תשע""ו"
16/06/16,דמאי,ה,ט-י,ב,א-ג,"שו""ע או""ח","י סיון תשע""ו"
17/06/16,דמאי,ה-ו,יא-א,ב,ד-ו,"שו""ע או""ח","יא סיון תשע""ו"
18/06/16,דמאי,ו,ב-ג,ג,א-ג,"שו""ע או""ח","יב סיון תשע""ו"
19/06/16,דמאי,ו,ד-ה,ג,ד-ו,"שו""ע או""ח","יג סיון תשע""ו"
20/06/16,דמאי,ו,ו-ז,ג,ז-ט,"שו""ע או""ח","יד סיון תשע""ו"
21/06/16,דמאי,ו,ח-ט,ג,י-יב,"שו""ע או""ח","טו סיון תשע""ו"
22/06/16,דמאי,ו,י-יא,ג,יג-טו,"שו""ע או""ח","טז סיון תשע""ו"
23/06/16,דמאי,ו-ז,יב-א,ג-ד,טז-א,"שו""ע או""ח","יז סיון תשע""ו"
24/06/16,דמאי,ז,ב-ג,ד,ב-ד,"שו""ע או""ח","יח סיון תשע""ו"
25/06/16,דמאי,ז,ד-ה,ד,ה-ז,"שו""ע או""ח","יט סיון תשע""ו"
26/06/16,דמאי,ז,ו-ז,ד,ח-י,"שו""ע או""ח","כ סיון תשע""ו"
27/06/16,דמאי-כלאים,ז-א,ח-א,ד,יא-יג,"שו""ע או""ח","כא סיון תשע""ו"
28/06/16,כלאים,א,ב-ג,ד,יד-טז,"שו""ע או""ח","כב סיון תשע""ו"
29/06/16,כלאים,א,ד-ה,ד,יז-יט,"שו""ע או""ח","כג סיון תשע""ו"
30/06/16,כלאים,א,ו-ז,ד,כ-כב,"שו""ע או""ח","כד סיון תשע""ו"
01/07/16,כלאים,א,ח-ט,ד-ה-ו,כג-א,"שו""ע או""ח","כה סיון תשע""ו"
02/07/16,כלאים,ב,א-ב,ו,ב-ד,"שו""ע או""ח","כו סיון תשע""ו"
03/07/16,כלאים,ב,ג-ד,ז,א-ג,"שו""ע או""ח","כז סיון תשע""ו"
04/07/16,כלאים,ב,ה-ו,ז-ח,ד-ב,"שו""ע או""ח","כח סיון תשע""ו"
05/07/16,כלאים,ב,ז-ח,ח,ג-ה,"שו""ע או""ח","כט סיון תשע""ו"
06/07/16,כלאים,ב,ט-י,ח,ו-ח,"שו""ע או""ח","ל סיון תשע""ו"
07/07/16,כלאים,ב-ג,יא-א,ח,ט-יא,"שו""ע או""ח","א תמוז תשע""ו"
08/07/16,כלאים,ג,ב-ג,ח,יב-יד,"שו""ע או""ח","ב תמוז תשע""ו"
09/07/16,כלאים,ג,ד-ה,ח,טו-יז,"שו""ע או""ח","ג תמוז תשע""ו"
10/07/16,כלאים,ג,ו-ז,ט,א-ג,"שו""ע או""ח","ד תמוז תשע""ו"
11/07/16,כלאים,ד,א-ב,ט,ד-ו,"שו""ע או""ח","ה תמוז תשע""ו"
12/07/16,כלאים,ד,ג-ד,י,א-ג,"שו""ע או""ח","ו תמוז תשע""ו"
13/07/16,כלאים,ד,ה-ו,י,ד-ו,"שו""ע או""ח","ז תמוז תשע""ו"
14/07/16,כלאים,ד,ז-ח,י,ז-ט,"שו""ע או""ח","ח תמוז תשע""ו"
15/07/16,כלאים,ד-ה,ט-א,י,י-יב,"שו""ע או""ח","ט תמוז תשע""ו"
16/07/16,כלאים,ה,ב-ג,יא,א-ג,"שו""ע או""ח","י תמוז תשע""ו"
17/07/16,כלאים,ה,ד-ה,יא,ד-ו,"שו""ע או""ח","יא תמוז תשע""ו"
18/07/16,כלאים,ה,ו-ז,יא,ז-ט,"שו""ע או""ח","יב תמוז תשע""ו"
19/07/16,כלאים,ה-ו,ח-א,יא,י-יב,"שו""ע או""ח","יג תמוז תשע""ו"
20/07/16,כלאים,ו,ב-ג,יא,יג-טו,"שו""ע או""ח","יד תמוז תשע""ו"
21/07/16,כלאים,ו,ד-ה,יב,א-ג,"שו""ע או""ח","טו תמוז תשע""ו"
22/07/16,כלאים,ו,ו-ז,יג,א-ג,"שו""ע או""ח","טז תמוז תשע""ו"
23/07/16,כלאים,ו,ח-ט,יד,א-ג,"שו""ע או""ח","יז תמוז תשע""ו"
24/07/16,כלאים,ז,א-ב,יד-טו,ד-א,"שו""ע או""ח","יח תמוז תשע""ו"
25/07/16,כלאים,ז,ג-ד,טו,ב-ד,"שו""ע או""ח","יט תמוז תשע""ו"
26/07/16,כלאים,ז,ה-ו,טו-טז,ה-א,"שו""ע או""ח","כ תמוז תשע""ו"
27/07/16,כלאים,ז,ז-ח,יז,א-ג,"שו""ע או""ח","כא תמוז תשע""ו"
28/07/16,כלאים,ח,א-ב,יח,א-ג,"שו""ע או""ח","כב תמוז תשע""ו"
29/07/16,כלאים,ח,ג-ד,יט-כ,א-א,"שו""ע או""ח","כג תמוז תשע""ו"
30/07/16,כלאים,ח,ה-ו,כ-כא,ב-ב,"שו""ע או""ח","כד תמוז תשע""ו"
31/07/16,כלאים,ט,א-ב,כא-כב,ג-א,"שו""ע או""ח","כה תמוז תשע""ו"
01/08/16,כלאים,ט,ג-ד,כג,א-ג,"שו""ע או""ח","כו תמוז תשע""ו"
02/08/16,כלאים,ט,ה-ו,כד,א-ג,"שו""ע או""ח","כז תמוז תשע""ו"
03/08/16,כלאים,ט,ז-ח,כד,ד-ו,"שו""ע או""ח","כח תמוז תשע""ו"
04/08/16,כלאים,ט,ט-י,כה,א-ג,"שו""ע או""ח","כט תמוז תשע""ו"
05/08/16,שביעית,א,א-ב,כה,ד-ו,"שו""ע או""ח","א אב תשע""ו"
06/08/16,שביעית,א,ג-ד,כה,ז-ט,"שו""ע או""ח","ב אב תשע""ו"
07/08/16,שביעית,א,ה-ו,כה,י-יב,"שו""ע או""ח","ג אב תשע""ו"
08/08/16,שביעית,א,ז-ח,כה-ו,יג-ב,"שו""ע או""ח","ד אב תשע""ו"
09/08/16,שביעית,ב,א-ב,כז,א-ג,"שו""ע או""ח","ה אב תשע""ו"
10/08/16,שביעית,ב,ג-ד,כז,ד-ו,"שו""ע או""ח","ו אב תשע""ו"
11/08/16,שביעית,ב,ה-ו,כז,ז-ט,"שו""ע או""ח","ז אב תשע""ו"
12/08/16,שביעית,ב,ז-ח,כז-ח,י-א,"שו""ע או""ח","ח אב תשע""ו"
13/08/16,שביעית,ב,ט-י,כח-ט,ב-א,"שו""ע או""ח","ט אב תשע""ו"
14/08/16,שביעית,ג,א-ב,ל,א-ג,"שו""ע או""ח","י אב תשע""ו"
15/08/16,שביעית,ג,ג-ד,ל-לא,ד-א,"שו""ע או""ח","יא אב תשע""ו"
16/08/16,שביעית,ג,ה-ו,לא-ב,ב-ב,"שו""ע או""ח","יב אב תשע""ו"
17/08/16,שביעית,ג,ז-ח,לב,ג-ה,"שו""ע או""ח","יג אב תשע""ו"
18/08/16,שביעית,ג,ט-י,לב,ו-ח,"שו""ע או""ח","יד אב תשע""ו"
19/08/16,שביעית,ד,א-ב,לב,ט-יא,"שו""ע או""ח","טו אב תשע""ו"
20/08/16,שביעית,ד,ג-ד,לב,יב-יד,"שו""ע או""ח","טז אב תשע""ו"
21/08/16,שביעית,ד,ה-ו,לב,טו-יז,"שו""ע או""ח","יז אב תשע""ו"
22/08/16,שביעית,ד,ז-ח,לב,יח-כ,"שו""ע או""ח","יח אב תשע""ו"
23/08/16,שביעית,ד,ט-י,לב,כא-כג,"שו""ע או""ח","יט אב תשע""ו"
24/08/16,שביעית,ה,א-ב,לב,כד-כו,"שו""ע או""ח","כ אב תשע""ו"
25/08/16,שביעית,ה,ג-ד,לב,כז-כט,"שו""ע או""ח","כא אב תשע""ו"
26/08/16,שביעית,ה,ה-ו,לב,ל-לב,"שו""ע או""ח","כב אב תשע""ו"
27/08/16,שביעית,ה,ז-ח,לב,לג-לה,"שו""ע או""ח","כג אב תשע""ו"
28/08/16,שביעית,ה-ו,ט-א,לב,לו-לח,"שו""ע או""ח","כד אב תשע""ו"
29/08/16,שביעית,ו,ב-ג,לב,לט-מא,"שו""ע או""ח","כה אב תשע""ו"
30/08/16,שביעית,ו,ד-ה,לב,מב-מד,"שו""ע או""ח","כו אב תשע""ו"
31/08/16,שביעית,ו-ז,ו-א,לב,מה-מז,"שו""ע או""ח","כז אב תשע""ו"
01/09/16,שביעית,ז,ב-ג,לב,מח-נ,"שו""ע או""ח","כח אב תשע""ו"
02/09/16,שביעית,ז,ד-ה,לב-לג,נא-א,"שו""ע או""ח","כט אב תשע""ו"
03/09/16,שביעית,ז,ו-ז,לג,ב-ד,"שו""ע או""ח","ל אב תשע""ו"
04/09/16,שביעית,ח,א-ב,לג-ד,ה-ב,"שו""ע או""ח","א אלול תשע""ו"
05/09/16,שביעית,ח,ג-ד,לד-ה,ג-א,"שו""ע או""ח","ב אלול תשע""ו"
06/09/16,שביעית,ח,ה-ו,לו,א-ג,"שו""ע או""ח","ג אלול תשע""ו"
07/09/16,שביעית,ח,ז-ח,לז ,א-ג,"שו""ע או""ח","ד אלול תשע""ו"
08/09/16,שביעית,ח,ט-י,לח,א-ג,"שו""ע או""ח","ה אלול תשע""ו"
09/09/16,שביעית,ח-ט,יא-א,לח,ד-ו,"שו""ע או""ח","ו אלול תשע""ו"
10/09/16,שביעית,ט,ב-ג,לח,ז-ט,"שו""ע או""ח","ז אלול תשע""ו"
11/09/16,שביעית,ט,ד-ה,לח,י-יב,"שו""ע או""ח","ח אלול תשע""ו"
12/09/16,שביעית,ט,ו-ז,לח-לט,יג-ב,"שו""ע או""ח","ט אלול תשע""ו"
13/09/16,שביעית,ט,ח-ט,לט,ג-ה,"שו""ע או""ח","י אלול תשע""ו"
14/09/16,שביעית,י,א-ב,לט,ו-ח,"שו""ע או""ח","יא אלול תשע""ו"
15/09/16,שביעית,י,ג-ד,לט-מ,ט-א,"שו""ע או""ח","יב אלול תשע""ו"
16/09/16,שביעית,י,ה-ו,מ,ב-ד,"שו""ע או""ח","יג אלול תשע""ו"
17/09/16,שביעית,י,ז-ח,מ,ה-ז,"שו""ע או""ח","יד אלול תשע""ו"
18/09/16,שביעית-תרומות,י-א,ט-א,מ-מא-מב,ח-א,"שו""ע או""ח","טו אלול תשע""ו"
19/09/16,תרומות,א,ב-ג,מב-מג,ב-א,"שו""ע או""ח","טז אלול תשע""ו"
20/09/16,תרומות,א,ד-ה,מג,ב-ד,"שו""ע או""ח","יז אלול תשע""ו"
21/09/16,תרומות,א,ו-ז,מג,ה-ז,"שו""ע או""ח","יח אלול תשע""ו"
22/09/16,תרומות,א,ח-ט,מג-מד,ח-א,"שו""ע או""ח","יט אלול תשע""ו"
23/09/16,תרומות,א-ב,י-א,מה-מו,א-א,"שו""ע או""ח","כ אלול תשע""ו"
24/09/16,תרומות,ב,ב-ג,מו,ב-ד,"שו""ע או""ח","כא אלול תשע""ו"
25/09/16,תרומות,ב,ד-ה,מו,ה-ז,"שו""ע או""ח","כב אלול תשע""ו"
26/09/16,תרומות,ב-ג,ו-א,מו-מז,ח-א,"שו""ע או""ח","כג אלול תשע""ו"
27/09/16,תרומות,ג,ב-ג,מז,ב-ד,"שו""ע או""ח","כד אלול תשע""ו"
28/09/16,תרומות,ג,ד-ה,מז,ה-ז,"שו""ע או""ח","כה אלול תשע""ו"
29/09/16,תרומות,ג,ו-ז,מז,ח-י,"שו""ע או""ח","כו אלול תשע""ו"
30/09/16,תרומות,ג,ח-ט,מז,יא-יג,"שו""ע או""ח","כז אלול תשע""ו"
01/10/16,תרומות,ד,א-ב,מז-מח-מט,יד-א,"שו""ע או""ח","כח אלול תשע""ו"
02/10/16,תרומות,ד,ג-ד,נ-נא,א-ב,"שו""ע או""ח","כט אלול תשע""ו"
03/10/16,תרומות,ד,ה-ו,נא,ג-ה,"שו""ע או""ח","א תשרי תשע""ז"
04/10/16,תרומות,ד,ז-ח,נא,ו-ח,"שו""ע או""ח","ב תשרי תשע""ז"
05/10/16,תרומות,ד,ט-י,נא-נב-נג,ט-א,"שו""ע או""ח","ג תשרי תשע""ז"
06/10/16,תרומות,ד,יא-יב,נג,ב-ד,"שו""ע או""ח","ד תשרי תשע""ז"
07/10/16,תרומות,ד-ה,יג-א,נג,ה-ז,"שו""ע או""ח","ה תשרי תשע""ז"
08/10/16,תרומות,ה,ב-ג,נג,ח-י,"שו""ע או""ח","ו תשרי תשע""ז"
09/10/16,תרומות,ה,ד-ה,נג,יא-יג,"שו""ע או""ח","ז תשרי תשע""ז"
10/10/16,תרומות,ה,ו-ז,נג,יד-טז,"שו""ע או""ח","ח תשרי תשע""ז"
11/10/16,תרומות,ה,ח-ט,נג,יז-יט,"שו""ע או""ח","ט תשרי תשע""ז"
12/10/16,תרומות,ו,א-ב,נג,כ-כב,"שו""ע או""ח","י תשרי תשע""ז"
13/10/16,תרומות,ו,ג-ד,נג,כג-כה,"שו""ע או""ח","יא תשרי תשע""ז"
14/10/16,תרומות,ו,ה-ו,נג-נד,כו-ב,"שו""ע או""ח","יב תשרי תשע""ז"
15/10/16,תרומות,ז,א-ב,נד-נה,ג-ב,"שו""ע או""ח","יג תשרי תשע""ז"
16/10/16,תרומות,ז,ג-ד,נה,ג-ה,"שו""ע או""ח","יד תשרי תשע""ז"
17/10/16,תרומות,ז,ה-ו,נה,ו-ח,"שו""ע או""ח","טו תשרי תשע""ז"
18/10/16,תרומות,ז-ח,ז-א,נה,ט-יא,"שו""ע או""ח","טז תשרי תשע""ז"
19/10/16,תרומות,ח,ב-ג,נה,יב-יד,"שו""ע או""ח","יז תשרי תשע""ז"
20/10/16,תרומות,ח,ד-ה,נה,טו-יז,"שו""ע או""ח","יח תשרי תשע""ז"
21/10/16,תרומות,ח,ו-ז,נה,יח-כ,"שו""ע או""ח","יט תשרי תשע""ז"
22/10/16,תרומות,ח,ח-ט,נה-נו,כא-א,"שו""ע או""ח","כ תשרי תשע""ז"
23/10/16,תרומות,ח,י-יא,נו,ב-ד,"שו""ע או""ח","כא תשרי תשע""ז"
24/10/16,תרומות,ח-ט,יב-א,נו-נז,ה-ב,"שו""ע או""ח","כב תשרי תשע""ז"
25/10/16,תרומות,ט,ב-ג,נח,א-ג,"שו""ע או""ח","כג תשרי תשע""ז"
26/10/16,תרומות,ט,ד-ה,נח,ד-ו,"שו""ע או""ח","כד תשרי תשע""ז"
27/10/16,תרומות,ט,ו-ז,נח-נט,ז-ב,"שו""ע או""ח","כה תשרי תשע""ז"
28/10/16,תרומות,י,א-ב,נט,ג-ה,"שו""ע או""ח","כו תשרי תשע""ז"
29/10/16,תרומות,י,ג-ד,ס,א-ג,"שו""ע או""ח","כז תשרי תשע""ז"
30/10/16,תרומות,י,ה-ו,ס-סא,ד-ה-א,"שו""ע או""ח","כח תשרי תשע""ז"
31/10/16,תרומות,י,ז-ח,סא,ב-ג-ד,"שו""ע או""ח","כט תשרי תשע""ז"
01/11/16,תרומות,י,ט-י,סא,ה-ו-ז,"שו""ע או""ח","ל תשרי תשע""ז"
02/11/16,תרומות,י,יא-יב,סא,ח-ט-י,"שו""ע או""ח","א חשון תשע""ז"
03/11/16,תרומות,יא,א-ב,סא,יא-יב-יג,"שו""ע או""ח","ב חשון תשע""ז"
04/11/16,תרומות,יא,ג-ד,סא,יד-טו-טז,"שו""ע או""ח","ג חשון תשע""ז"
05/11/16,תרומות,יא,ה-ו,סא,יז-יח-יט,"שו""ע או""ח","ד חשון תשע""ז"
06/11/16,תרומות,יא,ז-ח,סא,כ-כב,"שו""ע או""ח","ה חשון תשע""ז"
07/11/16,תרומות,יא,ט-י,סא,כג-כה,"שו""ע או""ח","ו חשון תשע""ז"
08/11/16,מעשרות,א,א-ב,סא-סב,כו-ב,"שו""ע או""ח","ז חשון תשע""ז"
09/11/16,מעשרות,א,ג-ד,סב,ג-ה,"שו""ע או""ח","ח חשון תשע""ז"
10/11/16,מעשרות,א,ה-ו,סג,א-ג,"שו""ע או""ח","ט חשון תשע""ז"
11/11/16,מעשרות,א,ז-ח,סג,ד-ו,"שו""ע או""ח","י חשון תשע""ז"
12/11/16,מעשרות,ב,א-ב,סג,ז-ט,"שו""ע או""ח","יא חשון תשע""ז"
13/11/16,מעשרות,ב,ג-ד,סד,א-ג,"שו""ע או""ח","יב חשון תשע""ז"
14/11/16,מעשרות,ב,ה-ו,סד-סה,ד-ב,"שו""ע או""ח","יג חשון תשע""ז"
15/11/16,מעשרות,ב,ז-ח,סה-סו,ג-ב,"שו""ע או""ח","יד חשון תשע""ז"
16/11/16,מעשרות,ג,א-ב,סו,ג-ה,"שו""ע או""ח","טו חשון תשע""ז"
17/11/16,מעשרות,ג,ג-ד,סו,ו-ח,"שו""ע או""ח","טז חשון תשע""ז"
18/11/16,מעשרות,ג,ה-ו,סו-סז,ט-א,"שו""ע או""ח","יז חשון תשע""ז"
19/11/16,מעשרות,ג,ז-ח,סח-סט,א-ב,"שו""ע או""ח","יח חשון תשע""ז"
20/11/16,מעשרות,ג,ט-י,ע,א-ג,"שו""ע או""ח","יט חשון תשע""ז"
21/11/16,מעשרות,ד,א-ב,ע-עא,ד-א,"שו""ע או""ח","כ חשון תשע""ז"
22/11/16,מעשרות,ד,ג-ד,עא,ב-ד,"שו""ע או""ח","כא חשון תשע""ז"
23/11/16,מעשרות,ד,ה-ו,עא,ה-ז,"שו""ע או""ח","כב חשון תשע""ז"
24/11/16,מעשרות,ה,א-ב,עב,א-ג,"שו""ע או""ח","כג חשון תשע""ז"
25/11/16,מעשרות,ה,ג-ד,עב-עג,ד-א,"שו""ע או""ח","כד חשון תשע""ז"
26/11/16,מעשרות,ה,ה-ו,עג,ב-ד,"שו""ע או""ח","כה חשון תשע""ז"
27/11/16,מעשרות,ה,ז-ח,עד,א-ג,"שו""ע או""ח","כו חשון תשע""ז"
28/11/16,מעשר שני,א,א-ב,עד,ד-ו,"שו""ע או""ח","כז חשון תשע""ז"
29/11/16,מעשר שני,א,ג-ד,עה,א-ג,"שו""ע או""ח","כח חשון תשע""ז"
30/11/16,מעשר שני,א,ה-ו,עה,ד-ו,"שו""ע או""ח","כט חשון תשע""ז"
01/12/16,מעשר שני,א-ב,ז-א,עו,א-ג,"שו""ע או""ח","א כסלו תשע""ז"
02/12/16,מעשר שני,ב,ב-ג,עו,ד-ו,"שו""ע או""ח","ב כסלו תשע""ז"
03/12/16,מעשר שני,ב,ד-ה,עו-עז,ז-א,"שו""ע או""ח","ג כסלו תשע""ז"
04/12/16,מעשר שני,ב,ו-ז,עז-ח-ט,ב-א,"שו""ע או""ח","ד כסלו תשע""ז"
05/12/16,מעשר שני,ב,ח-ט,עט,ב-ד,"שו""ע או""ח","ה כסלו תשע""ז"
06/12/16,מעשר שני,ב-ג,י-א,עט,ה-ז,"שו""ע או""ח","ו כסלו תשע""ז"
07/12/16,מעשר שני,ג,ב-ג,עט-פ,ח-א,"שו""ע או""ח","ז כסלו תשע""ז"
08/12/16,מעשר שני,ג,ד-ה,פא-פב,א-א,"שו""ע או""ח","ח כסלו תשע""ז"
09/12/16,מעשר שני,ג,ו-ז,פב-פג,ב-ב,"שו""ע או""ח","ט כסלו תשע""ז"
10/12/16,מעשר שני,ג,ח-ט,פג,ג-ה,"שו""ע או""ח","י כסלו תשע""ז"
11/12/16,מעשר שני,ג,י-יא,פד-פה,א-ב,"שו""ע או""ח","יא כסלו תשע""ז"
12/12/16,מעשר שני,ג,יב-יג,פו-פז,א-ב,"שו""ע או""ח","יב כסלו תשע""ז"
13/12/16,מעשר שני,ד,א-ב,פז-ח-ט,ג-א,"שו""ע או""ח","יג כסלו תשע""ז"
14/12/16,מעשר שני,ד,ג-ד,פט,ב-ד,"שו""ע או""ח","יד כסלו תשע""ז"
15/12/16,מעשר שני,ד,ה-ו,פט,ה-ז,"שו""ע או""ח","טו כסלו תשע""ז"
16/12/16,מעשר שני,ד,ז-ח,פט-צ,ח-ב,"שו""ע או""ח","טז כסלו תשע""ז"
17/12/16,מעשר שני,ד,ט-י,צ,ג-ה,"שו""ע או""ח","יז כסלו תשע""ז"
18/12/16,מעשר שני,ד,יא-יב,צ,ו-ח,"שו""ע או""ח","יח כסלו תשע""ז"
19/12/16,מעשר שני,ה,א-ב,צ,ט-יא,"שו""ע או""ח","יט כסלו תשע""ז"
20/12/16,מעשר שני,ה,ג-ד,צ,יב-יד,"שו""ע או""ח","כ כסלו תשע""ז"
21/12/16,מעשר שני,ה,ה-ו,צ,טו-יז,"שו""ע או""ח","כא כסלו תשע""ז"
22/12/16,מעשר שני,ה,ז-ח,צ,יח-כ,"שו""ע או""ח","כב כסלו תשע""ז"
23/12/16,מעשר שני,ה,ט-י,צ,כא-כג,"שו""ע או""ח","כג כסלו תשע""ז"
24/12/16,מעשר שני,ה,יא-יב,צ,כד-כו,"שו""ע או""ח","כד כסלו תשע""ז"
25/12/16,מעשר שני,ה,יג-יד,צ-צא,כז-נ,"שו""ע או""ח","כה כסלו תשע""ז"
26/12/16,מעשר שני-חלה,ה-א,טו-א,צא,ג-ה,"שו""ע או""ח","כו כסלו תשע""ז"
27/12/16,חלה,א,ב-ג,צא-צב,ו-ה,"שו""ע או""ח","כז כסלו תשע""ז"
28/12/16,חלה,א,ד-ה,צב,ג-ה,"שו""ע או""ח","כח כסלו תשע""ז"
29/12/16,חלה,א,ו-ז,צב,ו-ח,"שו""ע או""ח","כט כסלו תשע""ז"
30/12/16,חלה,א,ח-ט,צב-צג,ט-א,"שו""ע או""ח","א טבת תשע""ז"
31/12/16,חלה,ב,א-ב,צג,ב-ד,"שו""ע או""ח","ב טבת תשע""ז"
01/01/17,חלה,ב,ג-ד,צד,א-ג,"שו""ע או""ח","ג טבת תשע""ז"
02/01/17,חלה,ב,ה-ו,צד,ד-ו,"שו""ע או""ח","ד טבת תשע""ז"
03/01/17,חלה,ב,ז-ח,צד,ז-ט,"שו""ע או""ח","ה טבת תשע""ז"
04/01/17,חלה,ג,א-ב,צה,א-ג,"שו""ע או""ח","ו טבת תשע""ז"
05/01/17,חלה,ג,ג-ד,צה-צו,ד-ב,"שו""ע או""ח","ז טבת תשע""ז"
06/01/17,חלה,ג,ה-ו,צז,א-ג,"שו""ע או""ח","ח טבת תשע""ז"
07/01/17,חלה,ג,ז-ח,צז-צח,ד-א,"שו""ע או""ח","ט טבת תשע""ז"
08/01/17,חלה,ג,ט-י,צח,ב-ד,"שו""ע או""ח","י טבת תשע""ז"
09/01/17,חלה,ד,א-ב,צח-צט,ה-ב,"שו""ע או""ח","יא טבת תשע""ז"
10/01/17,חלה,ד,ג-ד,צט-ק-קא,ג-א,"שו""ע או""ח","יב טבת תשע""ז"
11/01/17,חלה,ד,ה-ו,קא,ב-ד,"שו""ע או""ח","יג טבת תשע""ז"
12/01/17,חלה,ד,ז-ח,קב,א-ג,"שו""ע או""ח","יד טבת תשע""ז"
13/01/17,חלה,ד,ט-י,קב-קג,ד-א,"שו""ע או""ח","טו טבת תשע""ז"
14/01/17,חלה-ערלה,ד-א,יא-א,קג-קד,ב-א,"שו""ע או""ח","טז טבת תשע""ז"
15/01/17,ערלה,א,ב-ג,קד,ב-ד,"שו""ע או""ח","יז טבת תשע""ז"
16/01/17,ערלה,א,ד-ה,קד,ה-ז,"שו""ע או""ח","יח טבת תשע""ז"
17/01/17,ערלה,א,ו-ז,קד-ה-ו,ח-א,"שו""ע או""ח","יט טבת תשע""ז"
18/01/17,ערלה,א,ח-ט,קו-ז,ב-ב,"שו""ע או""ח","כ טבת תשע""ז"
19/01/17,ערלה,ב,א-ב,קז-ח,ג-א,"שו""ע או""ח","כא טבת תשע""ז"
20/01/17,ערלה,ב,ג-ד,קח,ב-ד,"שו""ע או""ח","כב טבת תשע""ז"
21/01/17,ערלה,ב,ה-ו,קח,ה-ז,"שו""ע או""ח","כג טבת תשע""ז"
22/01/17,ערלה,ב,ז-ח,קח,ח-י,"שו""ע או""ח","כד טבת תשע""ז"
23/01/17,ערלה,ב,ט-י,קח-ט,יא-א,"שו""ע או""ח","כה טבת תשע""ז"
24/01/17,ערלה,ב,יא-יב,קט-י,ב-א,"שו""ע או""ח","כו טבת תשע""ז"
25/01/17,ערלה,ב,יג-יד,קי,ב-ד,"שו""ע או""ח","כז טבת תשע""ז"
26/01/17,ערלה,ב,טו-טז,קי,ה-ז,"שו""ע או""ח","כח טבת תשע""ז"
27/01/17,ערלה,ב-ג,יז-א,קי-קיא,ח-ב,"שו""ע או""ח","כט טבת תשע""ז"
28/01/17,ערלה,ג,ב-ג,קיא-ב,ג-ב,"שו""ע או""ח","א שבט תשע""ז"
29/01/17,ערלה,ג,ד-ה,קיג,א-ג,"שו""ע או""ח","ב שבט תשע""ז"
30/01/17,ערלה,ג,ו-ז,קיג,ד-ו,"שו""ע או""ח","ג שבט תשע""ז"
31/01/17,ערלה,ג,ח-ט,קיג,ז-ט,"שו""ע או""ח","ד שבט תשע""ז"
01/02/17,ביכורים,א,א-ב,קיד,א-ג,"שו""ע או""ח","ה שבט תשע""ז"
02/02/17,ביכורים,א,ג-ד,קיד,ד-ו,"שו""ע או""ח","ו שבט תשע""ז"
03/02/17,ביכורים,א,ה-ו,קיד,ז-ט,"שו""ע או""ח","ז שבט תשע""ז"
04/02/17,ביכורים,א,ז-ח,קטו-טז-יז,א-א,"שו""ע או""ח","ח שבט תשע""ז"
05/02/17,ביכורים,א,ט-י,קיז,ב-ד,"שו""ע או""ח","ט שבט תשע""ז"
06/02/17,ביכורים,א-ב,יא-א,קיז-יח-יט,ה-א,"שו""ע או""ח","י שבט תשע""ז"
07/02/17,ביכורים,ב,ב-ג,קיט,ב-ד,"שו""ע או""ח","יא שבט תשע""ז"
08/02/17,ביכורים,ב,ד-ה,קכ-א,א-ב,"שו""ע או""ח","יב שבט תשע""ז"
09/02/17,ביכורים,ב,ו-ז,קכא-ב,ג-ב,"שו""ע או""ח","יג שבט תשע""ז"
10/02/17,ביכורים,ב,ח-ט,קכב-ג,ג-ב,"שו""ע או""ח","יד שבט תשע""ז"
11/02/17,ביכורים,ב,י-יא,קכג,ג-ה,"שו""ע או""ח","טו שבט תשע""ז"
12/02/17,ביכורים,ג,א-ב,קכג-ד,ו-ב,"שו""ע או""ח","טז שבט תשע""ז"
13/02/17,ביכורים,ג,ג-ד,קכד,ג-ה,"שו""ע או""ח","יז שבט תשע""ז"
14/02/17,ביכורים,ג,ה-ו,קכד,ו-ח,"שו""ע או""ח","יח שבט תשע""ז"
15/02/17,ביכורים,ג,ז-ח,קכד,ט-יא,"שו""ע או""ח","יט שבט תשע""ז"
16/02/17,ביכורים,ג,ט-י,קכד-ה,יב-ב,"שו""ע או""ח","כ שבט תשע""ז"
17/02/17,ביכורים,ג,יא-יב,קכו,א-ג,"שו""ע או""ח","כא שבט תשע""ז"
18/02/17,ביכורים,ד,א-ב,קכו-ז,ד-ב,"שו""ע או""ח","כב שבט תשע""ז"
19/02/17,ביכורים,ד,ג-ד,קכח,א-ג,"שו""ע או""ח","כג שבט תשע""ז"
20/02/17,ביכורים-שבת,ד-א*),ה-א,קכח,ד-ו,"שו""ע או""ח","כד שבט תשע""ז"
21/02/17,שבת,א,ב-ג,קכח,ז-ט,"שו""ע או""ח","כה שבט תשע""ז"
22/02/17,שבת,א,ד-ה,קכח,י-יב,"שו""ע או""ח","כו שבט תשע""ז"
23/02/17,שבת,א,ו-ז,קכח,יג-טו,"שו""ע או""ח","כז שבט תשע""ז"
24/02/17,שבת,א,ח-ט,קכח,טז-יח,"שו""ע או""ח","כח שבט תשע""ז"
25/02/17,שבת,א,י-יא,קכח,יט-כא,"שו""ע או""ח","כט שבט תשע""ז"
26/02/17,שבת,ב,א-ב,קכח,כב-כד,"שו""ע או""ח","ל שבט תשע""ז"
27/02/17,שבת,ב,ג-ד,קכח,כה-כז,"שו""ע או""ח","א אדר תשע""ז"
28/02/17,שבת,ב,ה-ו,קכח,כח-ל,"שו""ע או""ח","ב אדר תשע""ז"
01/03/17,שבת,ב-ג,ז-א,קכח,לא-לג,"שו""ע או""ח","ג אדר תשע""ז"
02/03/17,שבת,ג,ב-ג,קכח,לד-לו,"שו""ע או""ח","ד אדר תשע""ז"
03/03/17,שבת,ג,ד-ה,קכח,לז-לט,"שו""ע או""ח","ה אדר תשע""ז"
04/03/17,שבת,ג-ד,ו-א,קכח,מ-מב,"שו""ע או""ח","ו אדר תשע""ז"
05/03/17,שבת,ד-ה,ב-א,קכח,מג-מה,"שו""ע או""ח","ז אדר תשע""ז"
06/03/17,שבת,ה,ב-ג,קכט-ל,א-א,"שו""ע או""ח","ח אדר תשע""ז"
07/03/17,שבת,ה-ו,ד-א,קלא,א-ג,"שו""ע או""ח","ט אדר תשע""ז"
08/03/17,שבת,ו,ב-ג,קלא,ד-ו,"שו""ע או""ח","י אדר תשע""ז"
09/03/17,שבת,ו,ד-ה,קלא-ב,ז-א,"שו""ע או""ח","יא אדר תשע""ז"
10/03/17,שבת,ו,ו-ז,קלב-ג-ד,ב-א,"שו""ע או""ח","יב אדר תשע""ז"
11/03/17,שבת,ו,ח-ט,קלד-ה,ב-ב,"שו""ע או""ח","יג אדר תשע""ז"
12/03/17,שבת,ו-ז,י-א,קלה,ג-ה,"שו""ע או""ח","יד אדר תשע""ז"
13/03/17,שבת,ז,ב-ג,קלה,ו-ח,"שו""ע או""ח","טו אדר תשע""ז"
14/03/17,שבת,ז-ח,ד-א,קלה,ט-יא,"שו""ע או""ח","טז אדר תשע""ז"
15/03/17,שבת,ח,ב-ג,קלה,יב-יד,"שו""ע או""ח","יז אדר תשע""ז"
16/03/17,שבת,ח,ד-ה,קלו-ז,א-ב,"שו""ע או""ח","יח אדר תשע""ז"
17/03/17,שבת,ח,ו-ז,קלז,ג-ה,"שו""ע או""ח","יט אדר תשע""ז"
18/03/17,שבת,ט,א-ב,קלז-ח-ט,ו-א,"שו""ע או""ח","כ אדר תשע""ז"
19/03/17,שבת,ט,ג-ד,קלט,ב-ד,"שו""ע או""ח","כא אדר תשע""ז"
20/03/17,שבת,ט,ה-ו,קלט,ה-ז,"שו""ע או""ח","כב אדר תשע""ז"
21/03/17,שבת,ט-י,ז-א,קלט,ח-י,"שו""ע או""ח","כג אדר תשע""ז"
22/03/17,שבת,י,ב-ג,קלט-מ,יא-ב,"שו""ע או""ח","כד אדר תשע""ז"
23/03/17,שבת,י,ד-ה,קמ-א,ג-ב,"שו""ע או""ח","כה אדר תשע""ז"
24/03/17,שבת,י-יא,ו-א,קמא,ג-ה,"שו""ע או""ח","כו אדר תשע""ז"
25/03/17,שבת,יא,ב-ג,קמא,ו-ח,"שו""ע או""ח","כז אדר תשע""ז"
26/03/17,שבת,יא,ד-ה,קמב-ג,א-א,"שו""ע או""ח","כח אדר תשע""ז"
27/03/17,שבת,יא-יב,ו-א,קמג,ב-ד,"שו""ע או""ח","כט אדר תשע""ז"
28/03/17,שבת,יב,ב-ג,קמג-ד,ה-ב,"שו""ע או""ח","א ניסן תשע""ז"
29/03/17,שבת,יב,ד-ה,קמד-ה,ג-א,"שו""ע או""ח","ב ניסן תשע""ז"
30/03/17,שבת,יב-יג,ו-א,קמה-ו,ב-א,"שו""ע או""ח","ג ניסן תשע""ז"
31/03/17,שבת,יג,ב-ג,קמו,ב-ד,"שו""ע או""ח","ד ניסן תשע""ז"
01/04/17,שבת,יג,ד-ה,קמז,א-ג,"שו""ע או""ח","ה ניסן תשע""ז"
02/04/17,שבת,יג,ו-ז,קמז,ד-ו,"שו""ע או""ח","ו ניסן תשע""ז"
03/04/17,שבת,יד,א-ב,קמז-ח,ז-א,"שו""ע או""ח","ז ניסן תשע""ז"
04/04/17,שבת,יד,ג-ד,קמט-נ,א-ב,"שו""ע או""ח","ח ניסן תשע""ז"
05/04/17,שבת,טו,א-ב,קנ,ג-ה,"שו""ע או""ח","ט ניסן תשע""ז"
06/04/17,שבת,טו-טז,ג-א,קנא,א-ג,"שו""ע או""ח","י ניסן תשע""ז"
07/04/17,שבת,טז,ב-ג,קנא,ד-ו,"שו""ע או""ח","יא ניסן תשע""ז"
08/04/17,שבת,טז,ד-ה,קנא,ז-ט,"שו""ע או""ח","יב ניסן תשע""ז"
09/04/17,שבת,טז,ו-ז,קנא,י-יב,"שו""ע או""ח","יג ניסן תשע""ז"
10/04/17,שבת,טז-יז,ח-א,קנב-ג,א-ב,"שו""ע או""ח","יד ניסן תשע""ז"
11/04/17,שבת,יז,ב-ג,קנג,ג-ה,"שו""ע או""ח","טו ניסן תשע""ז"
12/04/17,שבת,יז,ד-ה,קנג,ו-ח,"שו""ע או""ח","טז ניסן תשע""ז"
13/04/17,שבת,יז,ו-ז,קנג,ט-יא,"שו""ע או""ח","יז ניסן תשע""ז"
14/04/17,שבת,יז-יח,ח-א,קנג,יב-יד,"שו""ע או""ח","יח ניסן תשע""ז"
15/04/17,שבת,יח,ב-ג,קנג,טו-יז,"שו""ע או""ח","יט ניסן תשע""ז"
16/04/17,שבת,יט,א-ב,קנג,יח-כ,"שו""ע או""ח","כ ניסן תשע""ז"
17/04/17,שבת,יט,ג-ד,קנג-ד,כא-א,"שו""ע או""ח","כא ניסן תשע""ז"
18/04/17,שבת,יט,ה-ו,קנד,ב-ד,"שו""ע או""ח","כב ניסן תשע""ז"
19/04/17,שבת,כ,א-ב,קנד,ה-ז,"שו""ע או""ח","כג ניסן תשע""ז"
20/04/17,שבת,כ,ג-ד,קנד,ח-י,"שו""ע או""ח","כד ניסן תשע""ז"
21/04/17,שבת,כ-כא,ה-א,קנד,יא-יג,"שו""ע או""ח","כה ניסן תשע""ז"
22/04/17,שבת,כא,ב-ג,קנד-ה,יד-א,"שו""ע או""ח","כו ניסן תשע""ז"
23/04/17,שבת,כב,א-ב,קנה-ו-ז,ב-א,"שו""ע או""ח","כז ניסן תשע""ז"
24/04/17,שבת,כב,ג-ד,קנח,א-ג,"שו""ע או""ח","כח ניסן תשע""ז"
25/04/17,שבת,כב,ה-ו,קנח,ד-ו,"שו""ע או""ח","כט ניסן תשע""ז"
26/04/17,שבת,כג,א-ב,קנח,ז-ט,"שו""ע או""ח","ל ניסן תשע""ז"
27/04/17,שבת,כג,ג-ד,קנח,י-יב,"שו""ע או""ח","א אייר תשע""ז"
28/04/17,שבת,כג-כד,ה-א,קנח-ט,יג-ב,"שו""ע או""ח","ב אייר תשע""ז"
29/04/17,שבת,כד,ב-ג,קנט,ג-ה,"שו""ע או""ח","ג אייר תשע""ז"
30/04/17,שבת,כד,ד-ה,קנט,ו-ח,"שו""ע או""ח","ד אייר תשע""ז"
01/05/17,עירובין,א,א-ב,קנט,ט-יא,"שו""ע או""ח","ה אייר תשע""ז"
02/05/17,עירובין,א,ג-ד,קנט,יב-יד,"שו""ע או""ח","ו אייר תשע""ז"
03/05/17,עירובין,א,ה-ו,קנט,טו-יז,"שו""ע או""ח","ז אייר תשע""ז"
04/05/17,עירובין,א,ז-ח,קנט,יח-כ,"שו""ע או""ח","ח אייר תשע""ז"
05/05/17,עירובין,א,ט-י,קס,א-ג,"שו""ע או""ח","ט אייר תשע""ז"
06/05/17,עירובין,ב,א-ב,קס,ד-ו,"שו""ע או""ח","י אייר תשע""ז"
07/05/17,עירובין,ב,ג-ד,קס,ז-ט,"שו""ע או""ח","יא אייר תשע""ז"
08/05/17,עירובין,ב,ה-ו,קס,י-יב,"שו""ע או""ח","יב אייר תשע""ז"
09/05/17,עירובין,ג,א-ב,קס,יג-טו,"שו""ע או""ח","יג אייר תשע""ז"
10/05/17,עירובין,ג,ג-ד,קסא,א-ג,"שו""ע או""ח","יד אייר תשע""ז"
11/05/17,עירובין,ג,ה-ו,קסא-ב,ד-ב,"שו""ע או""ח","טו אייר תשע""ז"
12/05/17,עירובין,ג,ז-ח,קסב,ג-ה,"שו""ע או""ח","טז אייר תשע""ז"
13/05/17,עירובין,ג-ד,ט-א,קסב,ו-ח,"שו""ע או""ח","יז אייר תשע""ז"
14/05/17,עירובין,ד,ב-ג,קסב-ג,ט-א,"שו""ע או""ח","יח אייר תשע""ז"
15/05/17,עירובין,ד,ד-ה,קסג-ד,ב-ב,"שו""ע או""ח","יט אייר תשע""ז"
16/05/17,עירובין,ד,ו-ז,קסה-ו,א-א,"שו""ע או""ח","כ אייר תשע""ז"
17/05/17,עירובין,ד,ח-ט,קסז,א-ג,"שו""ע או""ח","כא אייר תשע""ז"
18/05/17,עירובין,ד,י-יא,קסז,ד-ו,"שו""ע או""ח","כב אייר תשע""ז"
19/05/17,עירובין,ה,א-ב,קסז,ז-ט,"שו""ע או""ח","כג אייר תשע""ז"
20/05/17,עירובין,ה,ג-ד,קסז,י-יב,"שו""ע או""ח","כד אייר תשע""ז"
21/05/17,עירובין,ה,ה-ו,קסז,יג-טו,"שו""ע או""ח","כה אייר תשע""ז"
22/05/17,עירובין,ה,ז-ח,קסז,טז-יח,"שו""ע או""ח","כו אייר תשע""ז"
23/05/17,עירובין,ה-ו,ט-א,קסז-ח,יט-א,"שו""ע או""ח","כז אייר תשע""ז"
24/05/17,עירובין,ו,ב-ג,קסח,ב-ד,"שו""ע או""ח","כח אייר תשע""ז"
25/05/17,עירובין,ו,ד-ה,קסח,ה-ז,"שו""ע או""ח","כט אייר תשע""ז"
26/05/17,עירובין,ו,ו-ז,קסח,ח-י,"שו""ע או""ח","א סיון תשע""ז"
27/05/17,עירובין,ו,ח-ט,קסח,יא-יג,"שו""ע או""ח","ב סיון תשע""ז"
28/05/17,עירובין,ו-ז,י-א,קסח,יד-טז,"שו""ע או""ח","ג סיון תשע""ז"
29/05/17,עירובין,ז,ב-ג,קסח-ט,יז-ב,"שו""ע או""ח","ד סיון תשע""ז"
30/05/17,עירובין,ז,ד-ה,קסט-ע,ג-ב,"שו""ע או""ח","ה סיון תשע""ז"
31/05/17,עירובין,ז,ו-ז,קע,ג-ה,"שו""ע או""ח","ו סיון תשע""ז"
01/06/17,עירובין,ז,ח-ט,קע,ו-ח,"שו""ע או""ח","ז סיון תשע""ז"
02/06/17,עירובין,ז,י-יא,קע,ט-יא,"שו""ע או""ח","ח סיון תשע""ז"
03/06/17,עירובין,ח,א-ב,קע,יב-יד,"שו""ע או""ח","ט סיון תשע""ז"
04/06/17,עירובין,ח,ג-ד,קע,טו-יז,"שו""ע או""ח","י סיון תשע""ז"
05/06/17,עירובין,ח,ה-ו,קע,יח-כ,"שו""ע או""ח","יא סיון תשע""ז"
06/06/17,עירובין,ח,ז-ח,קע-א,כא-א,"שו""ע או""ח","יב סיון תשע""ז"
07/06/17,עירובין,ח,ט-י,קעא,ב-ד,"שו""ע או""ח","יג סיון תשע""ז"
08/06/17,עירובין,ח-ט,יא-א,קעא-ב,ה-ב,"שו""ע או""ח","יד סיון תשע""ז"
09/06/17,עירובין,ט,ב-ג,קעג,א-ג,"שו""ע או""ח","טו סיון תשע""ז"
10/06/17,עירובין,ט-י,ד-א,קעד,א-ג,"שו""ע או""ח","טז סיון תשע""ז"
11/06/17,עירובין,י,ב-ג,קעד,ד-ו,"שו""ע או""ח","יז סיון תשע""ז"
12/06/17,עירובין,י,ד-ה,קעד-ה,ז-א,"שו""ע או""ח","יח סיון תשע""ז"
13/06/17,עירובין,י,ו-ז,קעה,ב-ד,"שו""ע או""ח","יט סיון תשע""ז"
14/06/17,עירובין,י,ח-ט,קעה-ו,ה-א,"שו""ע או""ח","כ סיון תשע""ז"
15/06/17,עירובין,י,י-יא,קעז,א-ג,"שו""ע או""ח","כא סיון תשע""ז"
16/06/17,עירובין,י,יב-יג,קעז-ח,ד-א,"שו""ע או""ח","כב סיון תשע""ז"
17/06/17,עירובין,י,יד-טו,קעח,ב-ד,"שו""ע או""ח","כג סיון תשע""ז"
18/06/17,פסחים,א,א-ב,קעח,ה-ז,"שו""ע או""ח","כד סיון תשע""ז"
19/06/17,פסחים,א,ג-ד,קעט,א-ג,"שו""ע או""ח","כה סיון תשע""ז"
20/06/17,פסחים,א,ה-ו,קעט,ד-ו,"שו""ע או""ח","כו סיון תשע""ז"
21/06/17,פסחים,א-ב,ז-א,קפ,א-ג,"שו""ע או""ח","כז סיון תשע""ז"
22/06/17,פסחים,ב,ב-ג,קפ-א,ד-א,"שו""ע או""ח","כח סיון תשע""ז"
23/06/17,פסחים,ב,ד-ה,קפא,ב-ד,"שו""ע או""ח","כט סיון תשע""ז"
24/06/17,פסחים,ב,ו-ז,קפא,ה-ז,"שו""ע או""ח","ל סיון תשע""ז"
25/06/17,פסחים,ב-ג,ח-א,קפא,ח-י,"שו""ע או""ח","א תמוז תשע""ז"
26/06/17,פסחים,ג,ב-ג,קפב,א-ג,"שו""ע או""ח","ב תמוז תשע""ז"
27/06/17,פסחים,ג,ד-ה,קפב,ד-ו,"שו""ע או""ח","ג תמוז תשע""ז"
28/06/17,פסחים,ג,ו-ז,קפב-ג,ז-ב,"שו""ע או""ח","ד תמוז תשע""ז"
29/06/17,פסחים,ג-ד,ח-א,קפג,ג-ה,"שו""ע או""ח","ה תמוז תשע""ז"
30/06/17,פסחים,ד,ב-ג,קפג,ו-ח,"שו""ע או""ח","ו תמוז תשע""ז"
01/07/17,פסחים,ד,ד-ה,קפג,ט-יא,"שו""ע או""ח","ז תמוז תשע""ז"
02/07/17,פסחים,ד,ו-ז,קפג-ד,יב-ב,"שו""ע או""ח","ח תמוז תשע""ז"
03/07/17,פסחים,ד,ח-ט,קפד,ג-ה,"שו""ע או""ח","ט תמוז תשע""ז"
04/07/17,פסחים,ה,א-ב,קפד-ה,ו-ב,"שו""ע או""ח","י תמוז תשע""ז"
05/07/17,פסחים,ה,ג-ד,קפה,ג-ה,"שו""ע או""ח","יא תמוז תשע""ז"
06/07/17,פסחים,ה,ה-ו,קפו-ז,א-א,"שו""ע או""ח","יב תמוז תשע""ז"
07/07/17,פסחים,ה,ז-ח,קפז,ב-ד,"שו""ע או""ח","יג תמוז תשע""ז"
08/07/17,פסחים,ה,ט-י,קפח,א-ג,"שו""ע או""ח","יד תמוז תשע""ז"
09/07/17,פסחים,ו,א-ב,קפח,ד-ו,"שו""ע או""ח","טו תמוז תשע""ז"
10/07/17,פסחים,ו,ג-ד,קפח,ז-ט,"שו""ע או""ח","טז תמוז תשע""ז"
11/07/17,פסחים,ו,ה-ו,קפח-ט,י-ב,"שו""ע או""ח","יז תמוז תשע""ז"
12/07/17,פסחים,ז,א-ב,קצ,א-ג,"שו""ע או""ח","יח תמוז תשע""ז"
13/07/17,פסחים,ז,ג-ד,קצ-א,ד-א,"שו""ע או""ח","יט תמוז תשע""ז"
14/07/17,פסחים,ז,ה-ו,קצא-ב,ב-א,"שו""ע או""ח","כ תמוז תשע""ז"
15/07/17,פסחים,ז,ז-ח,קצב-ג,ב-ב,"שו""ע או""ח","כא תמוז תשע""ז"
16/07/17,פסחים,ז,ט-י,קצג,ג-ה,"שו""ע או""ח","כב תמוז תשע""ז"
17/07/17,פסחים,ז,יא-יב,קצג-ד,ו-ב,"שו""ע או""ח","כג תמוז תשע""ז"
18/07/17,פסחים,ז-ח,יג-א,קצד-ה,ג-ב,"שו""ע או""ח","כד תמוז תשע""ז"
19/07/17,פסחים,ח,ב-ג,קצה-ו,ג-ב,"שו""ע או""ח","כה תמוז תשע""ז"
20/07/17,פסחים,ח,ד-ה,קצו-ז,ג-א,"שו""ע או""ח","כו תמוז תשע""ז"
21/07/17,פסחים,ח,ו-ז,קצז,ב-ד,"שו""ע או""ח","כז תמוז תשע""ז"
22/07/17,פסחים,ח-ט,ח-א,קצח-ט,א-ב,"שו""ע או""ח","כח תמוז תשע""ז"
23/07/17,פסחים,ט,ב-ג,קצט,ג-ה,"שו""ע או""ח","כט תמוז תשע""ז"
24/07/17,פסחים,ט,ד-ה,קצט,ו-ח,"שו""ע או""ח","א אב תשע""ז"
25/07/17,פסחים,ט,ו-ז,קצט,ט-יא,"שו""ע או""ח","ב אב תשע""ז"
26/07/17,פסחים,ט,ח-ט,ר-רא,א-א,"שו""ע או""ח","ג אב תשע""ז"
27/07/17,פסחים,ט,י-יא,רא,ב-ד,"שו""ע או""ח","ד אב תשע""ז"
28/07/17,פסחים,י,א-ב,רב,א-ג,"שו""ע או""ח","ה אב תשע""ז"
29/07/17,פסחים,י,ג-ד,רב,ד-ו,"שו""ע או""ח","ו אב תשע""ז"
30/07/17,פסחים,י,ה-ו,רב,ז-ט,"שו""ע או""ח","ז אב תשע""ז"
31/07/17,פסחים,י,ז-ח,רב,י-יב,"שו""ע או""ח","ח אב תשע""ז"
01/08/17,פסחים-שקלים,י-א,ט-א,רב,יג-טו,"שו""ע או""ח","ט אב תשע""ז"
02/08/17,שקלים,א,ב-ג,רב,טז-יח,"שו""ע או""ח","י אב תשע""ז"
03/08/17,שקלים,א,ד-ה,רג,א-ג,"שו""ע או""ח","יא אב תשע""ז"
04/08/17,שקלים,א,ו-ז,רג,ד-ו,"שו""ע או""ח","יב אב תשע""ז"
05/08/17,שקלים,ב,א-ב,רג-ד,ז-א,"שו""ע או""ח","יג אב תשע""ז"
06/08/17,שקלים,ב,ג-ד,רד,ב-ד,"שו""ע או""ח","יד אב תשע""ז"
07/08/17,שקלים,ב-ג,ה-א,רד,ה-ז,"שו""ע או""ח","טו אב תשע""ז"
08/08/17,שקלים,ג,ב-ג,רד,ח-י,"שו""ע או""ח","טז אב תשע""ז"
09/08/17,שקלים,ג-ד,ד-א,רד,יא-יג,"שו""ע או""ח","יז אב תשע""ז"
10/08/17,שקלים,ד,ב-ג,רה,א-ג,"שו""ע או""ח","יח אב תשע""ז"
11/08/17,שקלים,ד,ד-ה,רה-ו,ד-א,"שו""ע או""ח","יט אב תשע""ז"
12/08/17,שקלים,ד,ו-ז,רו,ב-ד,"שו""ע או""ח","כ אב תשע""ז"
13/08/17,שקלים,ד,ח-ט,רו-ז,ה-א,"שו""ע או""ח","כא אב תשע""ז"
14/08/17,שקלים,ה,א-ב,רח,א-ג,"שו""ע או""ח","כב אב תשע""ז"
15/08/17,שקלים,ה,ג-ד,רח,ד-ו,"שו""ע או""ח","כג אב תשע""ז"
16/08/17,שקלים,ה,ה-ו,רח,ז-ט,"שו""ע או""ח","כד אב תשע""ז"
17/08/17,שקלים,ו,א-ב,רח,י-יב,"שו""ע או""ח","כה אב תשע""ז"
18/08/17,שקלים,ו,ג-ד,רח,יג-טו,"שו""ע או""ח","כו אב תשע""ז"
19/08/17,שקלים,ו,ה-ו,רח,טז-יח,"שו""ע או""ח","כז אב תשע""ז"
20/08/17,שקלים,ז,א-ב,רט,א-ג,"שו""ע או""ח","כח אב תשע""ז"
21/08/17,שקלים,ז,ג-ד,רי-א,א-א,"שו""ע או""ח","כט אב תשע""ז"
22/08/17,שקלים,ז,ה-ו,ריא,ב-ד,"שו""ע או""ח","ל אב תשע""ז"
23/08/17,שקלים,ז-ח,ז-א,ריא-ב,ה-א,"שו""ע או""ח","א אלול תשע""ז"
24/08/17,שקלים,ח,ב-ג,ריב-ג,ב-ב,"שו""ע או""ח","ב אלול תשע""ז"
25/08/17,שקלים,ח,ד-ה,ריג-יד-טו,ג-א,"שו""ע או""ח","ג אלול תשע""ז"
26/08/17,שקלים,ח,ו-ז,רטו,ב-ד,"שו""ע או""ח","ד אלול תשע""ז"
27/08/17,שקלים-יומא,ח-א,ח-א,רטז,א-ג,"שו""ע או""ח","ה אלול תשע""ז"
28/08/17,יומא,א,ב-ג,רטז,ד-ו,"שו""ע או""ח","ו אלול תשע""ז"
29/08/17,יומא,א,ד-ה,רטז,ז-ט,"שו""ע או""ח","ז אלול תשע""ז"
30/08/17,יומא,א,ו-ז,רטז,י-יב,"שו""ע או""ח","ח אלול תשע""ז"
31/08/17,יומא,א-ב,ח-א,רטז-יז,יג-א,"שו""ע או""ח","ט אלול תשע""ז"
01/09/17,יומא,ב,ב-ג,ריז,ב-ד,"שו""ע או""ח","י אלול תשע""ז"
02/09/17,יומא,ב,ד-ה,ריז,ה-ז,"שו""ע או""ח","יא אלול תשע""ז"
03/09/17,יומא,ב,ו-ז,ריז-ח,ח-ב,"שו""ע או""ח","יב אלול תשע""ז"
04/09/17,יומא,ג,א-ב,ריח,ג-ה,"שו""ע או""ח","יג אלול תשע""ז"
05/09/17,יומא,ג,ג-ד,ריח,ו-ח,"שו""ע או""ח","יד אלול תשע""ז"
06/09/17,יומא,ג,ה-ו,ריח-ט,ט-ב,"שו""ע או""ח","טו אלול תשע""ז"
07/09/17,יומא,ג,ז-ח,ריט,ג-ה,"שו""ע או""ח","טז אלול תשע""ז"
08/09/17,יומא,ג, ט-י,ריט,ו-ח,"שו""ע או""ח","יז אלול תשע""ז"
09/09/17,יומא,ג-ד,יא-א,ריט-כ,ט-ב,"שו""ע או""ח","יח אלול תשע""ז"
10/09/17,יומא,ד,ב-ג,רכא-ב,א-א,"שו""ע או""ח","יט אלול תשע""ז"
11/09/17,יומא,ד,ד-ה,רכב,ב-ד,"שו""ע או""ח","כ אלול תשע""ז"
12/09/17,יומא,ד-ה,ו-א,רכג,א-ג,"שו""ע או""ח","כא אלול תשע""ז"
13/09/17,יומא,ה,ב-ג,רכג,ד-ו,"שו""ע או""ח","כב אלול תשע""ז"
14/09/17,יומא,ה,ד-ה,רכד,א-ג,"שו""ע או""ח","כג אלול תשע""ז"
15/09/17,יומא,ה,ו-ז,רכד,ד-ו,"שו""ע או""ח","כד אלול תשע""ז"
16/09/17,יומא,ו,א-ב,רכד,ז-ט,"שו""ע או""ח","כה אלול תשע""ז"
17/09/17,יומא,ו,ג-ד,רכד,י-יב,"שו""ע או""ח","כו אלול תשע""ז"
18/09/17,יומא,ו,ה-ו,רכד-ה,יג-יב,"שו""ע או""ח","כז אלול תשע""ז"
19/09/17,יומא,ו,ז-ח,רכה,ג-ה,"שו""ע או""ח","כח אלול תשע""ז"
20/09/17,יומא,ז,א-ב,רכה,ו-ח,"שו""ע או""ח","כט אלול תשע""ז"
21/09/17,יומא,ז,ג-ד,רכה-ו,ט-א,"שו""ע או""ח","א תשרי תשע""ח"
22/09/17,יומא,ז-ח,ה-א,רכז,א-ג,"שו""ע או""ח","ב תשרי תשע""ח"
23/09/17,יומא,ח,ב-ג,רכח,א-ג,"שו""ע או""ח","ג תשרי תשע""ח"
24/09/17,יומא,ח,ד-ה,רכט-ל,א-א,"שו""ע או""ח","ד תשרי תשע""ח"
25/09/17,יומא,ח,ו-ז,רל,ב-ד,"שו""ע או""ח","ה תשרי תשע""ח"
26/09/17,יומא,ח,ח-ט,רל-א-ב,ה-א,"שו""ע או""ח","ו תשרי תשע""ח"
27/09/17,סוכה,א,א-ב,רלב-ג,ב-א,"שו""ע או""ח","ז תשרי תשע""ח"
28/09/17,סוכה,א,ג-ד,רלג-ד,ב-ב,"שו""ע או""ח","ח תשרי תשע""ח"
29/09/17,סוכה,א,ה-ו,רלה,א-ג,"שו""ע או""ח","ט תשרי תשע""ח"
30/09/17,סוכה,א,ז-ח,רלה-ו,ד-ב,"שו""ע או""ח","י תשרי תשע""ח"
01/10/17,סוכה,א,ט-י,רלו-ז,ג-א,"שו""ע או""ח","יא תשרי תשע""ח"
02/10/17,סוכה,א-ב,יא-א,רלח-ט,א-א,"שו""ע או""ח","יב תשרי תשע""ח"
03/10/17,סוכה,ב,ב-ג,רלט-מ,ב-ב,"שו""ע או""ח","יג תשרי תשע""ח"
04/10/17,סוכה,ב,ד-ה,רמ,ג-ה,"שו""ע או""ח","יד תשרי תשע""ח"
05/10/17,סוכה,ב,ו-ז,רמ,ו-ח,"שו""ע או""ח","טו תשרי תשע""ח"
06/10/17,סוכה,ב,ח-ט,רמ,ט-יא,"שו""ע או""ח","טז תשרי תשע""ח"
07/10/17,סוכה,ג,א-ב,רמ,יב-יד,"שו""ע או""ח","יז תשרי תשע""ח"
08/10/17,סוכה,ג,ג-ד,רמ,טו-יז,"שו""ע או""ח","יח תשרי תשע""ח"
09/10/17,סוכה,ג,ה-ו,רמא-ב-ג,א-א,"שו""ע או""ח","יט תשרי תשע""ח"
10/10/17,סוכה,ג,ז-ח,רמג-ד,ב-ב,"שו""ע או""ח","כ תשרי תשע""ח"
11/10/17,סוכה,ג,ט-י,רמד,ג-ה,"שו""ע או""ח","כא תשרי תשע""ח"
12/10/17,סוכה,ג,יא-יב,רמד-ה,ו-ב,"שו""ע או""ח","כב תשרי תשע""ח"
13/10/17,סוכה,ג,יג-יד,רמה,ג-ה,"שו""ע או""ח","כג תשרי תשע""ח"
14/10/17,סוכה,ג-ד,טו-א,רמה-ו,ו-ב,"שו""ע או""ח","כד תשרי תשע""ח"
15/10/17,סוכה,ד,ב-ג,רמו,ג-ה,"שו""ע או""ח","כה תשרי תשע""ח"
16/10/17,סוכה,ד,ד-ה,רמז,א-ג,"שו""ע או""ח","כו תשרי תשע""ח"
17/10/17,סוכה,ד,ו-ז,רמז,ד-ו,"שו""ע או""ח","כז תשרי תשע""ח"
18/10/17,סוכה,ד,ח-ט,רמח,א-ג,"שו""ע או""ח","כח תשרי תשע""ח"
19/10/17,סוכה,ד-ה,י-א,רמח-ט,ד-ב,"שו""ע או""ח","כט תשרי תשע""ח"
20/10/17,סוכה,ה,ב-ג,רמט-נ,ג-א,"שו""ע או""ח","ל תשרי תשע""ח"
21/10/17,סוכה,ה,ד-ה,רנ-א,ב-ב,"שו""ע או""ח","א חשון תשע""ח"
22/10/17,סוכה,ה,ו-ז,רנב,א-ג,"שו""ע או""ח","ב חשון תשע""ח"
23/10/17,סוכה-ביצה,ה-א,ח-א,רנב,ד-ו,"שו""ע או""ח","ג חשון תשע""ח"
24/10/17,ביצה,א,ב-ג,רנב-ג,ז-ב,"שו""ע או""ח","ד חשון תשע""ח"
25/10/17,ביצה,א,ד-ה,רנג,ג-ה,"שו""ע או""ח","ה חשון תשע""ח"
26/10/17,ביצה,א,ו-ז,רנד,א-ג,"שו""ע או""ח","ו חשון תשע""ח"
27/10/17,ביצה,א,ח-ט,רנד,ד-ו,"שו""ע או""ח","ז חשון תשע""ח"
28/10/17,ביצה,א-ב,י-א,רנד,ז-ט,"שו""ע או""ח","ח חשון תשע""ח"
29/10/17,ביצה,ב,ב-ג,רנה,א-ג,"שו""ע או""ח","ט חשון תשע""ח"
30/10/17,ביצה,ב,ד-ה,רנו-ז,א-ב,"שו""ע או""ח","י חשון תשע""ח"
31/10/17,ביצה,ב,ו-ז,רנז,ג-ה,"שו""ע או""ח","יא חשון תשע""ח"
01/11/17,ביצה,ב,ח-ט,רנז,ו-ח,"שו""ע או""ח","יב חשון תשע""ח"
02/11/17,ביצה,ב-ג,י-א,רנח-ט,א-ב,"שו""ע או""ח","יג חשון תשע""ח"
03/11/17,ביצה,ג,ב-ג,רנט,ג-ה,"שו""ע או""ח","יד חשון תשע""ח"
04/11/17,ביצה,ג,ד-ה,רנט-ס,ו-א,"שו""ע או""ח","טו חשון תשע""ח"
05/11/17,ביצה,ג,ו-ז,רס-א,ב-ב,"שו""ע או""ח","טז חשון תשע""ח"
06/11/17,ביצה,ג-ד,ח-א,רסא-ב,ג-א,"שו""ע או""ח","יז חשון תשע""ח"
07/11/17,ביצה,ד,ב-ג,רסב-ג,ב-א,"שו""ע או""ח","יח חשון תשע""ח"
08/11/17,ביצה,ד,ד-ה,רסג,ב-ד,"שו""ע או""ח","יט חשון תשע""ח"
09/11/17,ביצה,ד,ו-ז,רסג,ה-ז,"שו""ע או""ח","כ חשון תשע""ח"
10/11/17,ביצה,ה,א-ב,רסג,ח-י,"שו""ע או""ח","כא חשון תשע""ח"
11/11/17,ביצה,ה,ג-ד,רסג,יא-יג,"שו""ע או""ח","כב חשון תשע""ח"
12/11/17,ביצה,ה,ה-ו,רסג,יד-טז,"שו""ע או""ח","כג חשון תשע""ח"
13/11/17,ביצה-ראש השנה,ה-א,ז-א,רסג-ד,יז-ב,"שו""ע או""ח","כד חשון תשע""ח"
14/11/17,ראש השנה,א,ב-ג,רסד,ג-ה,"שו""ע או""ח","כה חשון תשע""ח"
15/11/17,ראש השנה,א,ד-ה,רסד,ו-ח,"שו""ע או""ח","כו חשון תשע""ח"
16/11/17,ראש השנה,א,ו-ז,רסד-ה,ט-א,"שו""ע או""ח","כז חשון תשע""ח"
17/11/17,ראש השנה,א,ח-ט,רסה,ב-ד,"שו""ע או""ח","כח חשון תשע""ח"
18/11/17,ראש השנה,ב,א-ב,רסו,א-ג,"שו""ע או""ח","כט חשון תשע""ח"
19/11/17,ראש השנה,ב,ג-ד,רסו,ד-ו,"שו""ע או""ח","א כסלו תשע""ח"
20/11/17,ראש השנה,ב,ה-ו,רסו,ז-ט,"שו""ע או""ח","ב כסלו תשע""ח"
21/11/17,ראש השנה,ב,ז-ח,רסו,י-יב,"שו""ע או""ח","ג כסלו תשע""ח"
22/11/17,ראש השנה,ב-ג,ט-א,רסו-ז,יג-ב,"שו""ע או""ח","ד כסלו תשע""ח"
23/11/17,ראש השנה,ג,ב-ג,רסז-ח,ג-ב,"שו""ע או""ח","ה כסלו תשע""ח"
24/11/17,ראש השנה,ג,ד-ה,רסח,ג-ה,"שו""ע או""ח","ו כסלו תשע""ח"
25/11/17,ראש השנה,ג,ו-ז,רסח,ו-ח,"שו""ע או""ח","ז כסלו תשע""ח"
26/11/17,ראש השנה,ג-ד,ח-א,רסח,ט-יא,"שו""ע או""ח","ח כסלו תשע""ח"
27/11/17,ראש השנה,ד,ב-ג,רסח-ט,יב-א,"שו""ע או""ח","ט כסלו תשע""ח"
28/11/17,ראש השנה,ד,ד-ה,רע-א,א-א,"שו""ע או""ח","י כסלו תשע""ח"
29/11/17,ראש השנה,ד,ו-ז,רעא,ב-ד,"שו""ע או""ח","יא כסלו תשע""ח"
30/11/17,ראש השנה,ד,ח-ט,רעא,ה-ז,"שו""ע או""ח","יב כסלו תשע""ח"
01/12/17,תענית,א,א-ב,רעא,ח-י,"שו""ע או""ח","יג כסלו תשע""ח"
02/12/17,תענית,א,ג-ד,רעא,יא-יג,"שו""ע או""ח","יד כסלו תשע""ח"
03/12/17,תענית,א,ה-ו,רעא,יד-טז,"שו""ע או""ח","טו כסלו תשע""ח"
04/12/17,תענית,א-ב,ז-א,רעא-ב,יז-ב,"שו""ע או""ח","טז כסלו תשע""ח"
05/12/17,תענית,ב,ב-ג,רעב,ג-ה,"שו""ע או""ח","יז כסלו תשע""ח"
06/12/17,תענית,ב,ד-ה,רעב,ו-ח,"שו""ע או""ח","יח כסלו תשע""ח"
07/12/17,תענית,ב,ו-ז,רעב-ג,ט-א,"שו""ע או""ח","יט כסלו תשע""ח"
08/12/17,תענית,ב,ח-ט,רעג,ב-ד,"שו""ע או""ח","כ כסלו תשע""ח"
09/12/17,תענית,ב-ג,י-א,רעג,ה-ז,"שו""ע או""ח","כא כסלו תשע""ח"
10/12/17,תענית,ג,ב-ג,רעד,א-ג,"שו""ע או""ח","כב כסלו תשע""ח"
11/12/17,תענית,ג,ד-ה,רעד-ה,ד-ב,"שו""ע או""ח","כג כסלו תשע""ח"
12/12/17,תענית,ג,ו-ז,רעה,ג-ה,"שו""ע או""ח","כד כסלו תשע""ח"
13/12/17,תענית,ג,ח-ט,רעה,ו-ח,"שו""ע או""ח","כה כסלו תשע""ח"
14/12/17,תענית,ד,א-ב,רעה,ט-יא,"שו""ע או""ח","כו כסלו תשע""ח"
15/12/17,תענית,ד,ג-ד,רעה-ו,יב-ב,"שו""ע או""ח","כז כסלו תשע""ח"
16/12/17,תענית,ד,ה-ו,רעו,ג-ה,"שו""ע או""ח","כח כסלו תשע""ח"
17/12/17,תענית,ד,ז-ח,רעז,א-ג,"שו""ע או""ח","כט כסלו תשע""ח"
18/12/17,מגילה,א,א-ב,רעז-ח,ד-א,"שו""ע או""ח","ל כסלו תשע""ח"
19/12/17,מגילה,א,ג-ד,רעט,א-ג,"שו""ע או""ח","א טבת תשע""ח"
20/12/17,מגילה,א,ה-ו,רעט,ד-ו,"שו""ע או""ח","ב טבת תשע""ח"
21/12/17,מגילה,א,ז-ח,רעט-פ,ז-ב,"שו""ע או""ח","ג טבת תשע""ח"
22/12/17,מגילה,א,ט-י,רפא-ב,א-ב,"שו""ע או""ח","ד טבת תשע""ח"
23/12/17,מגילה,א-ב,יא-א,רפב,ג-ה,"שו""ע או""ח","ה טבת תשע""ח"
24/12/17,מגילה,ב,ב-ג,רפב-ג,ו-א,"שו""ע או""ח","ו טבת תשע""ח"
25/12/17,מגילה,ב,ד-ה,רפד,א-ג,"שו""ע או""ח","ז טבת תשע""ח"
26/12/17,מגילה,ב-ג,ו-א,רפד,ד-ו,"שו""ע או""ח","ח טבת תשע""ח"
27/12/17,מגילה,ג,ב-ג,רפד-ה,ז-ב,"שו""ע או""ח","ט טבת תשע""ח"
28/12/17,מגילה,ג,ד-ה,רפה,ג-ה,"שו""ע או""ח","י טבת תשע""ח"
29/12/17,מגילה,ג-ד,ו-א,רפה-ו,ו-א,"שו""ע או""ח","יא טבת תשע""ח"
30/12/17,מגילה,ד,ב-ג,רפו,ב-ד,"שו""ע או""ח","יב טבת תשע""ח"
31/12/17,מגילה,ד,ד-ה,רפו-ז-ח,ה-א,"שו""ע או""ח","יג טבת תשע""ח"
01/01/18,מגילה,ד,ו-ז,רפח,ב-ד,"שו""ע או""ח","יד טבת תשע""ח"
02/01/18,מגילה,ד,ח-ט,רפח,ה-ז,"שו""ע או""ח","טו טבת תשע""ח"
03/01/18,מגילה-מועד קטן,ד-א,י-א,רפח,ח-י,"שו""ע או""ח","טז טבת תשע""ח"
04/01/18,מועד קטן,א,ב-ג,רפט-צ,א-א,"שו""ע או""ח","יז טבת תשע""ח"
05/01/18,מועד קטן,א,ד-ה,רצ-א,ב-ב,"שו""ע או""ח","יח טבת תשע""ח"
06/01/18,מועד קטן,א,ו-ז,רצא,ג-ה,"שו""ע או""ח","יט טבת תשע""ח"
07/01/18,מועד קטן,א,ח-ט,רצא-ב,ו-ב,"שו""ע או""ח","כ טבת תשע""ח"
08/01/18,מועד קטן,א-ב,י-א,רצג,א-ג,"שו""ע או""ח","כא טבת תשע""ח"
09/01/18,מועד קטן,ב,ב-ג,רצד,א-ג,"שו""ע או""ח","כב טבת תשע""ח"
10/01/18,מועד קטן,ב,ד-ה,רצד-ה,ד-א,"שו""ע או""ח","כג טבת תשע""ח"
11/01/18,מועד קטן,ג,א-ב,רצו,א-ג,"שו""ע או""ח","כד טבת תשע""ח"
12/01/18,מועד קטן,ג,ג-ד,רצו,ד-ו,"שו""ע או""ח","כה טבת תשע""ח"
13/01/18,מועד קטן,ג,ה-ו,רצו-ז,ז-א,"שו""ע או""ח","כו טבת תשע""ח"
14/01/18,מועד קטן,ג,ז-ח,רצז,ב-ד,"שו""ע או""ח","כז טבת תשע""ח"
15/01/18,מועד קטן-חגיגה,ג-א,ט-א,רצז-ח,ה-ב,"שו""ע או""ח","כח טבת תשע""ח"
16/01/18,חגיגה,א,ב-ג,רצח,ג-ה,"שו""ע או""ח","כט טבת תשע""ח"
17/01/18,חגיגה,א,ד-ה,רצח,ו-ח,"שו""ע או""ח","א שבט תשע""ח"
18/01/18,חגיגה,א,ו-ז,רצח,ט-יא,"שו""ע או""ח","ב שבט תשע""ח"
19/01/18,חגיגה,א-ב,ח-א,רצח,יב-יד,"שו""ע או""ח","ג שבט תשע""ח"
20/01/18,חגיגה,ב,ב-ג,רצח-ט,טו-ב,"שו""ע או""ח","ד שבט תשע""ח"
21/01/18,חגיגה,ב,ד-ה,רצט,ג-ה,"שו""ע או""ח","ה שבט תשע""ח"
22/01/18,חגיגה,ב,ו-ז,רצט,ו-ח,"שו""ע או""ח","ו שבט תשע""ח"
23/01/18,חגיגה,ג,א-ב,רצט-ש,ט-א,"שו""ע או""ח","ז שבט תשע""ח"
24/01/18,חגיגה,ג,ג-ד,שא,א-ג,"שו""ע או""ח","ח שבט תשע""ח"
25/01/18,חגיגה,ג,ה-ו,שא,ד-ו,"שו""ע או""ח","ט שבט תשע""ח"
26/01/18,חגיגה,ג *),ז-ח,שא,ז-ט,"שו""ע או""ח","י שבט תשע""ח"
27/01/18,יבמות,א,א-ב,שא,י-יב,"שו""ע או""ח","יא שבט תשע""ח"
28/01/18,יבמות,א,ג-ד,שא,יג-טו,"שו""ע או""ח","יב שבט תשע""ח"
29/01/18,יבמות,ב,א-ב,שא,טז-יח,"שו""ע או""ח","יג שבט תשע""ח"
30/01/18,יבמות,ב,ג-ד,שא,יט-כא,"שו""ע או""ח","יד שבט תשע""ח"
31/01/18,יבמות,ב,ה-ו,שא,כב-כד,"שו""ע או""ח","טו שבט תשע""ח"
01/02/18,יבמות,ב,ז-ח,שא,כה-כז,"שו""ע או""ח","טז שבט תשע""ח"
02/02/18,יבמות,ב,ט-י,שא,כח-ל,"שו""ע או""ח","יז שבט תשע""ח"
03/02/18,יבמות,ג,א-ב,שא,לא-לג,"שו""ע או""ח","יח שבט תשע""ח"
04/02/18,יבמות,ג,ג-ד,שא,לד-לו,"שו""ע או""ח","יט שבט תשע""ח"
05/02/18,יבמות,ג,ה-ו,שא,לז-לט,"שו""ע או""ח","כ שבט תשע""ח"
06/02/18,יבמות,ג,ז-ח,שא,מ-מב,"שו""ע או""ח","כא שבט תשע""ח"
07/02/18,יבמות,ג,ט-י,שא,מג-מה,"שו""ע או""ח","כב שבט תשע""ח"
08/02/18,יבמות,ד,א-ב,שא,מו-מח,"שו""ע או""ח","כג שבט תשע""ח"
09/02/18,יבמות,ד,ג-ד,שא,מט-נא,"שו""ע או""ח","כד שבט תשע""ח"
10/02/18,יבמות,ד,ה-ו,שב,א-ג,"שו""ע או""ח","כה שבט תשע""ח"
11/02/18,יבמות,ד,ז-ח,שב,ד-ו,"שו""ע או""ח","כו שבט תשע""ח"
12/02/18,יבמות,ד,ט-י,שב,ז-ט,"שו""ע או""ח","כז שבט תשע""ח"
13/02/18,יבמות,ד,יא-יב,שב,י-יב,"שו""ע או""ח","כח שבט תשע""ח"
14/02/18,יבמות,ד-ה,יג-א,שב-ג,יג-ב,"שו""ע או""ח","כט שבט תשע""ח"
15/02/18,יבמות,ה,ב-ג,שג,ג-ה,"שו""ע או""ח","ל שבט תשע""ח"
16/02/18,יבמות,ה,ד-ה,שג,ו-ח,"שו""ע או""ח","א אדר תשע""ח"
17/02/18,יבמות,ה-ו,ו-א,שג,ט-יא,"שו""ע או""ח","ב אדר תשע""ח"
18/02/18,יבמות,ו,ב-ג,שג,יב-יד,"שו""ע או""ח","ג אדר תשע""ח"
19/02/18,יבמות,ו,ד-ה,שג,טו-יז,"שו""ע או""ח","ד אדר תשע""ח"
20/02/18,יבמות,ו-ז,ו-א,שג,יח-כ,"שו""ע או""ח","ה אדר תשע""ח"
21/02/18,יבמות,ז,ב-ג,שג,כא-כג,"שו""ע או""ח","ו אדר תשע""ח"
22/02/18,יבמות,ז,ד-ה,שג,כד-כו,"שו""ע או""ח","ז אדר תשע""ח"
23/02/18,יבמות,ז-ח,ו-א,שג-ד,כז-ב,"שו""ע או""ח","ח אדר תשע""ח"
24/02/18,יבמות,ח,ב-ג,שד-ה,ג-ב,"שו""ע או""ח","ט אדר תשע""ח"
25/02/18,יבמות,ח,ד-ה,שה,ג-ה,"שו""ע או""ח","י אדר תשע""ח"
26/02/18,יבמות,ח-ט,ו-א,שה,ו-ח,"שו""ע או""ח","יא אדר תשע""ח"
27/02/18,יבמות,ט,ב-ג,שה,ט-יא,"שו""ע או""ח","יב אדר תשע""ח"
28/02/18,יבמות,ט,ד-ה,שה,יב-יד,"שו""ע או""ח","יג אדר תשע""ח"
01/03/18,יבמות,ט-י,ו-א,שה,טו-יז,"שו""ע או""ח","יד אדר תשע""ח"
02/03/18,יבמות,י,ב-ג,שה,יח-כ,"שו""ע או""ח","טו אדר תשע""ח"
03/03/18,יבמות,י,ד-ה,שה,כא-כג,"שו""ע או""ח","טז אדר תשע""ח"
04/03/18,יבמות,י,ו-ז,שו,א-ג,"שו""ע או""ח","יז אדר תשע""ח"
05/03/18,יבמות,י,ח-ט,שו,ד-ו,"שו""ע או""ח","יח אדר תשע""ח"
06/03/18,יבמות,יא,א-ב,שו,ז-ט,"שו""ע או""ח","יט אדר תשע""ח"
07/03/18,יבמות,יא,ג-ד,שו,י-יב,"שו""ע או""ח","כ אדר תשע""ח"
08/03/18,יבמות,יא,ה-ו,שו-ז,יג-א,"שו""ע או""ח","כא אדר תשע""ח"
09/03/18,יבמות,יא-יב,ז-א,שז,ב-ד,"שו""ע או""ח","כב אדר תשע""ח"
10/03/18,יבמות,יב,ב-ג,שז,ה-ז,"שו""ע או""ח","כג אדר תשע""ח"
11/03/18,יבמות,יב,ד-ה,שז,ח-י,"שו""ע או""ח","כד אדר תשע""ח"
12/03/18,יבמות,יב-יג,ו-א,שז,יא-יג,"שו""ע או""ח","כה אדר תשע""ח"
13/03/18,יבמות,יג,ב-ג,שז,יד-טז,"שו""ע או""ח","כו אדר תשע""ח"
14/03/18,יבמות,יג,ד-ה,שז,יז-יט,"שו""ע או""ח","כז אדר תשע""ח"
15/03/18,יבמות,יג,ו-ז,שז,כ-כב,"שו""ע או""ח","כח אדר תשע""ח"
16/03/18,יבמות,יג,ח-ט,שח,א-ג,"שו""ע או""ח","כט אדר תשע""ח"
17/03/18,יבמות,יג,י-יא,שח,ד-ו,"שו""ע או""ח","א ניסן תשע""ח"
18/03/18,יבמות,יג,יב-יג,שח,ז-ט,"שו""ע או""ח","ב ניסן תשע""ח"
19/03/18,יבמות,יד,א-ב,שח,י-יב,"שו""ע או""ח","ג ניסן תשע""ח"
20/03/18,יבמות,יד,ג-ד,שח,יג-טו,"שו""ע או""ח","ד ניסן תשע""ח"
21/03/18,יבמות,יד,ה-ו,שח,טז-יח,"שו""ע או""ח","ה ניסן תשע""ח"
22/03/18,יבמות,יד,ז-ח,שח,יט-כא,"שו""ע או""ח","ו ניסן תשע""ח"
23/03/18,יבמות,יד-טו,ט-א,שח,כב-כד,"שו""ע או""ח","ז ניסן תשע""ח"
24/03/18,יבמות,טו,ב-ג,שח,כה-כז,"שו""ע או""ח","ח ניסן תשע""ח"
25/03/18,יבמות,טו,ד-ה,שח,כח-ל,"שו""ע או""ח","ט ניסן תשע""ח"
26/03/18,יבמות,טו,ו-ז,שח,לא-לג,"שו""ע או""ח","י ניסן תשע""ח"
27/03/18,יבמות,טו,ח-ט,שח,לד-לו,"שו""ע או""ח","יא ניסן תשע""ח"
28/03/18,יבמות,טו-טז,י-א,שח,לז-לט,"שו""ע או""ח","יב ניסן תשע""ח"
29/03/18,יבמות,טז,ב-ג,שח,מ-מב,"שו""ע או""ח","יג ניסן תשע""ח"
30/03/18,יבמות,טז,ד-ה,שח,מג-מה,"שו""ע או""ח","יד ניסן תשע""ח"
31/03/18,יבמות,טז,ו-ז,שח,מו-מח,"שו""ע או""ח","טו ניסן תשע""ח"
01/04/18,כתובות,א,א-ב,שח,מט-נא,"שו""ע או""ח","טז ניסן תשע""ח"
02/04/18,כתובות,א,ג-ד,שח-ט,נב-ב,"שו""ע או""ח","יז ניסן תשע""ח"
03/04/18,כתובות,א,ה-ו,שט,ג-ה,"שו""ע או""ח","יח ניסן תשע""ח"
04/04/18,כתובות,א,ז-ח,שי,א-ג,"שו""ע או""ח","יט ניסן תשע""ח"
05/04/18,כתובות,א,ט-י,שי,ד-ו,"שו""ע או""ח","כ ניסן תשע""ח"
06/04/18,כתובות,ב,א-ב,שי,ז-ט,"שו""ע או""ח","כא ניסן תשע""ח"
07/04/18,כתובות,ב,ג-ד,שיא,א-ג,"שו""ע או""ח","כב ניסן תשע""ח"
08/04/18,כתובות,ב,ה-ו,שיא,ד-ו,"שו""ע או""ח","כג ניסן תשע""ח"
09/04/18,כתובות,ב,ז-ח,שיא,ז-ט,"שו""ע או""ח","כד ניסן תשע""ח"
10/04/18,כתובות,ב,ט-י,שיב,א-ג,"שו""ע או""ח","כה ניסן תשע""ח"
11/04/18,כתובות,ג,א-ב,שיב,ד-ו,"שו""ע או""ח","כו ניסן תשע""ח"
12/04/18,כתובות,ג,ג-ד,שיב,ז-ט,"שו""ע או""ח","כז ניסן תשע""ח"
13/04/18,כתובות,ג,ה-ו,שיב-ג,י-ב,"שו""ע או""ח","כח ניסן תשע""ח"
14/04/18,כתובות,ג,ז-ח,שיג,ג-ה,"שו""ע או""ח","כט ניסן תשע""ח"
15/04/18,כתובות,ג-ד,ט-א,שיג,ו-ח,"שו""ע או""ח","ל ניסן תשע""ח"
16/04/18,כתובות,ד,ב-ג,שיג-ד,ט-א,"שו""ע או""ח","א אייר תשע""ח"
17/04/18,כתובות,ד,ד-ה,שיד,ב-ד,"שו""ע או""ח","ב אייר תשע""ח"
18/04/18,כתובות,ד,ו-ז,שיד,ה-ז,"שו""ע או""ח","ג אייר תשע""ח"
19/04/18,כתובות,ד,ח-ט,שיד,ח-י,"שו""ע או""ח","ד אייר תשע""ח"
20/04/18,כתובות,ד,י-יא,שיד-טו,יא-א,"שו""ע או""ח","ה אייר תשע""ח"
21/04/18,כתובות,ד-ה,יב-א,שטו,ב-ד,"שו""ע או""ח","ו אייר תשע""ח"
22/04/18,כתובות,ה,ב-ג,שטו,ה-ז,"שו""ע או""ח","ז אייר תשע""ח"
23/04/18,כתובות,ה,ד-ה,שטו,ח-י,"שו""ע או""ח","ח אייר תשע""ח"
24/04/18,כתובות,ה,ו-ז,שטו,יא-יג,"שו""ע או""ח","ט אייר תשע""ח"
25/04/18,כתובות,ה,ח-ט,שטז,א-ג,"שו""ע או""ח","י אייר תשע""ח"
26/04/18,כתובות,ו,א-ב,שטז,ד-ו,"שו""ע או""ח","יא אייר תשע""ח"
27/04/18,כתובות,ו,ג-ד,שטז,ז-ט,"שו""ע או""ח","יב אייר תשע""ח"
28/04/18,כתובות,ו,ה-ו,שטז,י-יב,"שו""ע או""ח","יג אייר תשע""ח"
29/04/18,כתובות,ו-ז,ז-א,שיז,א-ג,"שו""ע או""ח","יד אייר תשע""ח"
30/04/18,כתובות,ז,ב-ג,שיז,ד-ו,"שו""ע או""ח","טו אייר תשע""ח"
01/05/18,כתובות,ז,ד-ה,שיז-ח,ז-ב,"שו""ע או""ח","טז אייר תשע""ח"
02/05/18,כתובות,ז,ו-ז,שיח,ג-ה,"שו""ע או""ח","יז אייר תשע""ח"
03/05/18,כתובות,ז,ח-ט,שיח,ו-ח,"שו""ע או""ח","יח אייר תשע""ח"
04/05/18,כתובות,ז-ח,י-א,שיח,ט-יא,"שו""ע או""ח","יט אייר תשע""ח"
05/05/18,כתובות,ח,ב-ג,שיח,יב-יד,"שו""ע או""ח","כ אייר תשע""ח"
06/05/18,כתובות,ח,ד-ה,שיח,טו-יז,"שו""ע או""ח","כא אייר תשע""ח"
07/05/18,כתובות,ח,ו-ז,שיח-ט,יח-א,"שו""ע או""ח","כב אייר תשע""ח"
08/05/18,כתובות,ח-ט,ח-א,שיט,ב-ד,"שו""ע או""ח","כג אייר תשע""ח"
09/05/18,כתובות,ט,ב-ג,שיט,ה-ז,"שו""ע או""ח","כד אייר תשע""ח"
10/05/18,כתובות,ט,ד-ה,שיט,ח-י,"שו""ע או""ח","כה אייר תשע""ח"
11/05/18,כתובות,ט,ו-ז,שיט,יא-יג,"שו""ע או""ח","כו אייר תשע""ח"
12/05/18,כתובות,ט,ח-ט,שיט,יד-טז,"שו""ע או""ח","כז אייר תשע""ח"
13/05/18,כתובות,י,א-ב,שיט-כ,יז-ב,"שו""ע או""ח","כח אייר תשע""ח"
14/05/18,כתובות,י,ג-ד,שכ,ג-ה,"שו""ע או""ח","כט אייר תשע""ח"
15/05/18,כתובות,י,ה-ו,שכ,ו-ח,"שו""ע או""ח","א סיון תשע""ח"
16/05/18,כתובות,יא,א-ב,שכ,ט-יא,"שו""ע או""ח","ב סיון תשע""ח"
17/05/18,כתובות,יא,ג-ד,שכ,יב-יד,"שו""ע או""ח","ג סיון תשע""ח"
18/05/18,כתובות,יא,ה-ו,שכ,טו-יז,"שו""ע או""ח","ד סיון תשע""ח"
19/05/18,כתובות,יב,א-ב,שכ,יח-כ,"שו""ע או""ח","ה סיון תשע""ח"
20/05/18,כתובות,יב,ג-ד,שכא,א-ג,"שו""ע או""ח","ו סיון תשע""ח"
21/05/18,כתובות,יג,א-ב,שכא,ד-ו,"שו""ע או""ח","ז סיון תשע""ח"
22/05/18,כתובות,יג,ג-ד,שכא,ז-ט,"שו""ע או""ח","ח סיון תשע""ח"
23/05/18,כתובות,יג,ה-ו,שכא,י-יב,"שו""ע או""ח","ט סיון תשע""ח"
24/05/18,כתובות,יג,ז-ח,שכא,יג-טו,"שו""ע או""ח","י סיון תשע""ח"
25/05/18,כתובות,יג,ט-י,שכא,טז-יח,"שו""ע או""ח","יא סיון תשע""ח"
26/05/18,כתובות-נדרים,יג-א,יא-א,שכא-ב,יט-ב,"שו""ע או""ח","יב סיון תשע""ח"
27/05/18,נדרים,א,ב-ג,שכב,ג-ה,"שו""ע או""ח","יג סיון תשע""ח"
28/05/18,נדרים,א-ב,ד-א,שכב-ג,ו-ב,"שו""ע או""ח","יד סיון תשע""ח"
29/05/18,נדרים,ב,ב-ג,שכג,ג-ה,"שו""ע או""ח","טו סיון תשע""ח"
30/05/18,נדרים,ב,ד-ה,שכג,ו-ח,"שו""ע או""ח","טז סיון תשע""ח"
31/05/18,נדרים,ג,א-ב,שכג-ד,ט-א,"שו""ע או""ח","יז סיון תשע""ח"
01/06/18,נדרים,ג,ג-ד,שכד,ב-ד,"שו""ע או""ח","יח סיון תשע""ח"
02/06/18,נדרים,ג,ה-ו,שכד,ה-ז,"שו""ע או""ח","יט סיון תשע""ח"
03/06/18,נדרים,ג,ז-ח,שכד,ח-י,"שו""ע או""ח","כ סיון תשע""ח"
04/06/18,נדרים,ג,ט-י,שכד,יא-יג,"שו""ע או""ח","כא סיון תשע""ח"
05/06/18,נדרים,ג-ד,יא-א,שכד-ה,יד-א,"שו""ע או""ח","כב סיון תשע""ח"
06/06/18,נדרים,ד,ב-ג,שכה,ב-ד,"שו""ע או""ח","כג סיון תשע""ח"
07/06/18,נדרים,ד,ד-ה,שכה,ה-ז,"שו""ע או""ח","כד סיון תשע""ח"
08/06/18,נדרים,ד,ו-ז,שכה,ח-י,"שו""ע או""ח","כה סיון תשע""ח"
09/06/18,נדרים,ד-ה,ח-א,שכה,יא-יג,"שו""ע או""ח","כו סיון תשע""ח"
10/06/18,נדרים,ה,ב-ג,שכה,יד-טז,"שו""ע או""ח","כז סיון תשע""ח"
11/06/18,נדרים,ה,ד-ה,שכו,א-ג,"שו""ע או""ח","כח סיון תשע""ח"
12/06/18,נדרים,ה-ו,ו-א,שכו,ד-ו,"שו""ע או""ח","כט סיון תשע""ח"
13/06/18,נדרים,ו,ב-ג,שכו,ז-ט,"שו""ע או""ח","ל סיון תשע""ח"
14/06/18,נדרים,ו,ד-ה,שכו,י-יב,"שו""ע או""ח","א תמוז תשע""ח"
15/06/18,נדרים,ו,ו-ז,שכו-ז,יג-ב,"שו""ע או""ח","ב תמוז תשע""ח"
16/06/18,נדרים,ו,ח-ט,שכז-ח,ג-א,"שו""ע או""ח","ג תמוז תשע""ח"
17/06/18,נדרים,ו-ז,י-א,שכח,ב-ד,"שו""ע או""ח","ד תמוז תשע""ח"
18/06/18,נדרים,ז,ב-ג,שכח,ה-ז,"שו""ע או""ח","ה תמוז תשע""ח"
19/06/18,נדרים,ז,ד-ה,שכח,ח-י,"שו""ע או""ח","ו תמוז תשע""ח"
20/06/18,נדרים,ז,ו-ז,שכח,יא-יג,"שו""ע או""ח","ז תמוז תשע""ח"
21/06/18,נדרים,ז,ח-ט,שכח,יד-טז,"שו""ע או""ח","ח תמוז תשע""ח"
22/06/18,נדרים,ח,א-ב,שכח,יז-יט,"שו""ע או""ח","ט תמוז תשע""ח"
23/06/18,נדרים,ח,ג-ד,שכח,כ-כב,"שו""ע או""ח","י תמוז תשע""ח"
24/06/18,נדרים,ח,ה-ו,שכח,כג-כה,"שו""ע או""ח","יא תמוז תשע""ח"
25/06/18,נדרים,ח-ט,ז-א,שכח,כו-כח,"שו""ע או""ח","יב תמוז תשע""ח"
26/06/18,נדרים,ט,ב-ג,שכח,כט-לא,"שו""ע או""ח","יג תמוז תשע""ח"
27/06/18,נדרים,ט,ד-ה,שכח,לב-לד,"שו""ע או""ח","יד תמוז תשע""ח"
28/06/18,נדרים,ט,ו-ז,שכח,לה-לז,"שו""ע או""ח","טו תמוז תשע""ח"
29/06/18,נדרים,ט,ח-ט,שכח,לח-מ,"שו""ע או""ח","טז תמוז תשע""ח"
30/06/18,נדרים,ט-י,י-א,שכח,מא-מג,"שו""ע או""ח","יז תמוז תשע""ח"
01/07/18,נדרים,י,ב-ג,שכח,מד-מו,"שו""ע או""ח","יח תמוז תשע""ח"
02/07/18,נדרים,י,ד-ה,שכח,מז-מט,"שו""ע או""ח","יט תמוז תשע""ח"
03/07/18,נדרים,י,ו-ז,שכט,א-ג,"שו""ע או""ח","כ תמוז תשע""ח"
04/07/18,נדרים,י-יא,ח-א,שכט,ד-ו,"שו""ע או""ח","כא תמוז תשע""ח"
05/07/18,נדרים,יא,ב-ג,שכט,ז-ט,"שו""ע או""ח","כב תמוז תשע""ח"
06/07/18,נדרים,יא,ד-ה,של,א-ג,"שו""ע או""ח","כג תמוז תשע""ח"
07/07/18,נדרים,יא,ו-ז,של,ד-ו,"שו""ע או""ח","כד תמוז תשע""ח"
08/07/18,נדרים,יא,ח-ט,של,ז-ט,"שו""ע או""ח","כה תמוז תשע""ח"
09/07/18,נדרים,יא,י-יא,של-א,י-א,"שו""ע או""ח","כו תמוז תשע""ח"
10/07/18,נדרים-נזיר,יא-א,יב-א,שלא,ב-ד,"שו""ע או""ח","כז תמוז תשע""ח"
11/07/18,נזיר,א,ב-ג,שלא,ה-ז,"שו""ע או""ח","כח תמוז תשע""ח"
12/07/18,נזיר,א,ד-ה,שלא,ח-י,"שו""ע או""ח","כט תמוז תשע""ח"
13/07/18,נזיר,א,ו-ז,שלב,א-ג,"שו""ע או""ח","א אב תשע""ח"
14/07/18,נזיר,ב,א-ב,שלב-ג,ד-ב,"שו""ע או""ח","ב אב תשע""ח"
15/07/18,נזיר,ב,ג-ד,שלג-ד,ג-ב,"שו""ע או""ח","ג אב תשע""ח"
16/07/18,נזיר,ב,ה-ו,שלד,ג-ה,"שו""ע או""ח","ד אב תשע""ח"
17/07/18,נזיר,ב,ז-ח,שלד,ו-ח,"שו""ע או""ח","ה אב תשע""ח"
18/07/18,נזיר,ב,ט-י,שלד,ט-יא,"שו""ע או""ח","ו אב תשע""ח"
19/07/18,נזיר,ג,א-ב,שלד,יב-יד,"שו""ע או""ח","ז אב תשע""ח"
20/07/18,נזיר,ג,ג-ד,שלד,טו-יז,"שו""ע או""ח","ח אב תשע""ח"
21/07/18,נזיר,ג,ה-ו,שלד,יח-כ,"שו""ע או""ח","ט אב תשע""ח"
22/07/18,נזיר,ג-ד,ז-א,שלד,כא-כג,"שו""ע או""ח","י אב תשע""ח"
23/07/18,נזיר,ד,ב-ג,שלד,כד-כו,"שו""ע או""ח","יא אב תשע""ח"
24/07/18,נזיר,ד,ד-ה,שלד-ה,כ-זב,"שו""ע או""ח","יב אב תשע""ח"
25/07/18,נזיר,ד,ו-ז,שלה,ג-ה,"שו""ע או""ח","יג אב תשע""ח"
26/07/18,נזיר,ה,א-ב,שלו,א-ג,"שו""ע או""ח","יד אב תשע""ח"
27/07/18,נזיר,ה,ג-ד,שלו,ד-ו,"שו""ע או""ח","טו אב תשע""ח"
28/07/18,נזיר,ה,ה-ו,שלו,ז-ט,"שו""ע או""ח","טז אב תשע""ח"
29/07/18,נזיר,ה-ו,ז-א,שלו,י-יב,"שו""ע או""ח","יז אב תשע""ח"
30/07/18,נזיר,ו,ב-ג,שלו-ז,יג-ב,"שו""ע או""ח","יח אב תשע""ח"
31/07/18,נזיר,ו,ד-ה,שלז-ח,ג-א,"שו""ע או""ח","יט אב תשע""ח"
01/08/18,נזיר,ו,ו-ז,שלח,ב-ד,"שו""ע או""ח","כ אב תשע""ח"
02/08/18,נזיר,ו,ח-ט,שלח,ה-ז,"שו""ע או""ח","כא אב תשע""ח"
03/08/18,נזיר,ו,י-יא,שלח-ט,ח-ב,"שו""ע או""ח","כב אב תשע""ח"
04/08/18,נזיר,ז,א-ב,שלט,ג-ה,"שו""ע או""ח","כג אב תשע""ח"
05/08/18,נזיר,ז,ג-ד,שלט-מ,ו-א,"שו""ע או""ח","כד אב תשע""ח"
06/08/18,נזיר,ח,א-ב,שמ,ב-ד,"שו""ע או""ח","כה אב תשע""ח"
07/08/18,נזיר,ט,א-ב,שמ,ה-ז,"שו""ע או""ח","כו אב תשע""ח"
08/08/18,נזיר,ט,ג-ד,שמ,ח-י,"שו""ע או""ח","כז אב תשע""ח"
09/08/18,נזיר-סוטה,ט-א,ה-א,שמ,יא-יב,"שו""ע או""ח","כח אב תשע""ח"
10/08/18,סוטה,א,ב-ג,שמ-א,יד-ב,"שו""ע או""ח","כט אב תשע""ח"
11/08/18,סוטה,א,ד-ה,שמא-ב-ג,ג-א,"שו""ע או""ח","ל אב תשע""ח"
12/08/18,סוטה,א,ו-ז,שמד-ה,א-א,"שו""ע או""ח","א אלול תשע""ח"
13/08/18,סוטה,א,ח-ט,שמה,ב-ד,"שו""ע או""ח","ב אלול תשע""ח"
14/08/18,סוטה,ב,א-ב,שמה,ה-ז,"שו""ע או""ח","ג אלול תשע""ח"
15/08/18,סוטה,ב,ג-ד,שמה,ח-י,"שו""ע או""ח","ד אלול תשע""ח"
16/08/18,סוטה,ב,ה-ו,שמה,יא-יג,"שו""ע או""ח","ה אלול תשע""ח"
17/08/18,סוטה,ג,א-ב,שמה,יד-טז,"שו""ע או""ח","ו אלול תשע""ח"
18/08/18,סוטה,ג,ג-ד,שמה,יז-יט,"שו""ע או""ח","ז אלול תשע""ח"
19/08/18,סוטה,ג,ה-ו,שמו,א-ג,"שו""ע או""ח","ח אלול תשע""ח"
20/08/18,סוטה,ג,ז-ח,שמז-ח-ט,א-א,"שו""ע או""ח","ט אלול תשע""ח"
21/08/18,סוטה,ד,א-ב,שמט,ב-ד,"שו""ע או""ח","י אלול תשע""ח"
22/08/18,סוטה,ד,ג-ד,שמט-נ,ה-ב,"שו""ע או""ח","יא אלול תשע""ח"
23/08/18,סוטה,ד-ה,ה-א,שנ-א-ב,ג-א,"שו""ע או""ח","יב אלול תשע""ח"
24/08/18,סוטה,ה,ב-ג,שנב-ג,ב-ב,"שו""ע או""ח","יג אלול תשע""ח"
25/08/18,סוטה,ה,ד-ה,שנג-ד,ג-ב,"שו""ע או""ח","יד אלול תשע""ח"
26/08/18,סוטה,ו,א-ב,שנה,א-ג,"שו""ע או""ח","טו אלול תשע""ח"
27/08/18,סוטה,ו,ג-ד,שנה-ו,ד-א,"שו""ע או""ח","טז אלול תשע""ח"
28/08/18,סוטה,ז,א-ב,שנו-ז,ב-ב,"שו""ע או""ח","יז אלול תשע""ח"
29/08/18,סוטה,ז,ג-ד,שנז-ח,ג-ב,"שו""ע או""ח","יח אלול תשע""ח"
30/08/18,סוטה,ז,ה-ו,שנח,ג-ה,"שו""ע או""ח","יט אלול תשע""ח"
31/08/18,סוטה,ז,ז-ח,שנח,ו-ח,"שו""ע או""ח","כ אלול תשע""ח"
01/09/18,סוטה,ח,א-ב,שנח,ט-יא,"שו""ע או""ח","כא אלול תשע""ח"
02/09/18,סוטה,ח,ג-ד,שנח,יב-יד,"שו""ע או""ח","כב אלול תשע""ח"
03/09/18,סוטה,ח,ה-ו,שנט-ס,א-ב,"שו""ע או""ח","כג אלול תשע""ח"
04/09/18,סוטה,ח-ט,ז-א,שס-א,ג-ב,"שו""ע או""ח","כד אלול תשע""ח"
05/09/18,סוטה,ט,ב-ג,שסב,א-ג,"שו""ע או""ח","כה אלול תשע""ח"
06/09/18,סוטה,ט,ד-ה,שסב,ד-ו,"שו""ע או""ח","כו אלול תשע""ח"
07/09/18,סוטה,ט,ו-ז,שסב,ז-ט,"שו""ע או""ח","כז אלול תשע""ח"
08/09/18,סוטה,ט,ח-ט,שסב,י-יב,"שו""ע או""ח","כח אלול תשע""ח"
09/09/18,סוטה,ט,י-יא,שסג,א-ג,"שו""ע או""ח","כט אלול תשע""ח"
10/09/18,סוטה,ט,יב-יג,שסג,ד-ו,"שו""ע או""ח","א תשרי תשע""ט"
11/09/18,סוטה,ט,יד-טו,שסג,ז-ט,"שו""ע או""ח","ב תשרי תשע""ט"
12/09/18,גיטין,א,א-ב,שסג,י-יב,"שו""ע או""ח","ג תשרי תשע""ט"
13/09/18,גיטין,א,ג-ד,שסג,יג-טו,"שו""ע או""ח","ד תשרי תשע""ט"
14/09/18,גיטין,א,ה-ו,שסג,טז-יח,"שו""ע או""ח","ה תשרי תשע""ט"
15/09/18,גיטין,ב,א-ב,שסג,יט-כא,"שו""ע או""ח","ו תשרי תשע""ט"
16/09/18,גיטין,ב,ג-ד,שסג,כב-כד,"שו""ע או""ח","ז תשרי תשע""ט"
17/09/18,גיטין,ב,ה-ו,שסג,כה-כז,"שו""ע או""ח","ח תשרי תשע""ט"
18/09/18,גיטין,ב-ג,ז-א,שסג,כח-ל,"שו""ע או""ח","ט תשרי תשע""ט"
19/09/18,גיטין,ג,ב-ג,שסג,לא-לג,"שו""ע או""ח","י תשרי תשע""ט"
20/09/18,גיטין,ג,ד-ה,שסג,לד-לו,"שו""ע או""ח","יא תשרי תשע""ט"
21/09/18,גיטין,ג,ו-ז,שסד,א-ג,"שו""ע או""ח","יב תשרי תשע""ט"
22/09/18,גיטין,ג-ד,ח-א,שסד-ה,ד-א,"שו""ע או""ח","יג תשרי תשע""ט"
23/09/18,גיטין,ד,ב-ג,שסה,ב-ד,"שו""ע או""ח","יד תשרי תשע""ט"
24/09/18,גיטין,ד,ד-ה,שסה,ה-ז,"שו""ע או""ח","טו תשרי תשע""ט"
25/09/18,גיטין,ד,ו-ז,שסה-ו,ח-ב,"שו""ע או""ח","טז תשרי תשע""ט"
26/09/18,גיטין,ד,ח-ט,שסו,ג-ה,"שו""ע או""ח","יז תשרי תשע""ט"
27/09/18,גיטין,ה,א-ב,שסו,ו-ח,"שו""ע או""ח","יח תשרי תשע""ט"
28/09/18,גיטין,ה,ג-ד,שסו,ט-יא,"שו""ע או""ח","יט תשרי תשע""ט"
29/09/18,גיטין,ה,ה-ו,שסו,יב-יד,"שו""ע או""ח","כ תשרי תשע""ט"
30/09/18,גיטין,ה,ז-ח,שסו-ז-ח,טו-א,"שו""ע או""ח","כא תשרי תשע""ט"
01/10/18,גיטין,ה-ו,ט-א,שסח,ב-ד,"שו""ע או""ח","כב תשרי תשע""ט"
02/10/18,גיטין,ו,ב-ג,שסח-ט-ע,ה-א,"שו""ע או""ח","כג תשרי תשע""ט"
03/10/18,גיטין,ו,ד-ה,שע,ב-ד,"שו""ע או""ח","כד תשרי תשע""ט"
04/10/18,גיטין,ו,ו-ז,שע,ה-ז,"שו""ע או""ח","כה תשרי תשע""ט"
05/10/18,גיטין,ז,א-ב,שע-א,ח-ב,"שו""ע או""ח","כו תשרי תשע""ט"
06/10/18,גיטין,ז,ג-ד,שעא,ג-ה,"שו""ע או""ח","כז תשרי תשע""ט"
07/10/18,גיטין,ז,ה-ו,שעא-ב,ו-ב,"שו""ע או""ח","כח תשרי תשע""ט"
08/10/18,גיטין,ז,ז-ח,שעב,ג-ה,"שו""ע או""ח","כט תשרי תשע""ט"
09/10/18,גיטין,ז-ח,ט-א,שעב,ו-ח,"שו""ע או""ח","ל תשרי תשע""ט"
10/10/18,גיטין,ח,ב-ג,שעב,ט-יא,"שו""ע או""ח","א חשון תשע""ט"
11/10/18,גיטין,ח,ד-ה,שעב,יב-יד,"שו""ע או""ח","ב חשון תשע""ט"
12/10/18,גיטין,ח,ו-ז,שעב,טו-יז,"שו""ע או""ח","ג חשון תשע""ט"
13/10/18,גיטין,ח,ח-ט,שעב-ג,יח-א,"שו""ע או""ח","ד חשון תשע""ט"
14/10/18,גיטין,ח-ט,י-א,שעד,א-ג,"שו""ע או""ח","ה חשון תשע""ט"
15/10/18,גיטין,ט,ב-ג,שעד-ה,ד-ב,"שו""ע או""ח","ו חשון תשע""ט"
16/10/18,גיטין,ט,ד-ה,שעה-ו,ג-א,"שו""ע או""ח","ז חשון תשע""ט"
17/10/18,גיטין,ט,ו-ז,שעו,ב-ד,"שו""ע או""ח","ח חשון תשע""ט"
18/10/18,גיטין,ט,ח-ט,שעז-ח,א-ב,"שו""ע או""ח","ט חשון תשע""ט"
19/10/18,גיטין-קידושין,ט-א,י-א,שעח,ג-ה,"שו""ע או""ח","י חשון תשע""ט"
20/10/18,קידושין,א,ב-ג,שעט-פ,א-א,"שו""ע או""ח","יא חשון תשע""ט"
21/10/18,קידושין,א,ד-ה,שפ,ב-ד,"שו""ע או""ח","יב חשון תשע""ט"
22/10/18,קידושין,א,ו-ז,שפא,א-ג,"שו""ע או""ח","יג חשון תשע""ט"
23/10/18,קידושין,א,ח-ט,שפא,ד-ו,"שו""ע או""ח","יד חשון תשע""ט"
24/10/18,קידושין,א-ב,י-א,שפא-ב,ז-ב,"שו""ע או""ח","טו חשון תשע""ט"
25/10/18,קידושין,ב,ב-ג,שפב,ג-ה,"שו""ע או""ח","טז חשון תשע""ט"
26/10/18,קידושין,ב,ד-ה,שפב,ו-ח,"שו""ע או""ח","יז חשון תשע""ט"
27/10/18,קידושין,ב,ו-ז,שפב,ט-יא,"שו""ע או""ח","יח חשון תשע""ט"
28/10/18,קידושין,ב,ח-ט,שפב,יב-יד,"שו""ע או""ח","יט חשון תשע""ט"
29/10/18,קידושין,ב-ג,י-א,שפב,טו-יז,"שו""ע או""ח","כ חשון תשע""ט"
30/10/18,קידושין,ג,ב-ג,שפב,יח-כ,"שו""ע או""ח","כא חשון תשע""ט"
31/10/18,קידושין,ג,ד-ה,שפג-ד,א-ב,"שו""ע או""ח","כב חשון תשע""ט"
01/11/18,קידושין,ג,ו-ז,שפה,א-ג,"שו""ע או""ח","כג חשון תשע""ט"
02/11/18,קידושין,ג,ח-ט,שפה-ו,ד-ב,"שו""ע או""ח","כד חשון תשע""ט"
03/11/18,קידושין,ג,י-יא,שפו,ג-ה,"שו""ע או""ח","כה חשון תשע""ט"
04/11/18,קידושין,ג,יב-יג,שפו,ו-ח,"שו""ע או""ח","כו חשון תשע""ט"
05/11/18,קידושין,ד,א-ב,שפו-ז-ח,ט-א,"שו""ע או""ח","כז חשון תשע""ט"
06/11/18,קידושין,ד,ג-ד,שפט-צ,א-ב,"שו""ע או""ח","כח חשון תשע""ט"
07/11/18,קידושין,ד,ה-ו,שצא-ב,א-א,"שו""ע או""ח","כט חשון תשע""ט"
08/11/18,קידושין,ד,ז-ח,שצב,ב-ד,"שו""ע או""ח","ל חשון תשע""ט"
09/11/18,קידושין,ד,ט-י,שצב,ה-ז,"שו""ע או""ח","א כסלו תשע""ט"
10/11/18,קידושין,ד,יא-יב,שצב-ג,ח-ב,"שו""ע או""ח","ב כסלו תשע""ט"
11/11/18,קידושין,ד*),יג-יד,שצג-ד,ג-ב,"שו""ע או""ח","ג כסלו תשע""ט"
12/11/18,בבא קמא,א,א-ב,שצד-ה-ו,ג-א,"שו""ע או""ח","ד כסלו תשע""ט"
13/11/18,בבא קמא,א,ג-ד,שצו-ז,ב-ב,"שו""ע או""ח","ה כסלו תשע""ט"
14/11/18,בבא קמא,ב,א-ב,שצז,ג-ה,"שו""ע או""ח","ו כסלו תשע""ט"
15/11/18,בבא קמא,ב,ג-ד,שצז,ו-ח,"שו""ע או""ח","ז כסלו תשע""ט"
16/11/18,בבא קמא,ב,ה-ו,שצז,ט-יא,"שו""ע או""ח","ח כסלו תשע""ט"
17/11/18,בבא קמא,ג,א-ב,שצז,יב-יד,"שו""ע או""ח","ט כסלו תשע""ט"
18/11/18,בבא קמא,ג,ג-ד,שצז,טו-יז,"שו""ע או""ח","י כסלו תשע""ט"
19/11/18,בבא קמא,ג,ה-ו,שצז-ח,יח-ב,"שו""ע או""ח","יא כסלו תשע""ט"
20/11/18,בבא קמא,ג,ז-ח,שצח,ג-ה,"שו""ע או""ח","יב כסלו תשע""ט"
21/11/18,בבא קמא,ג,ט-י,שצח,ו-ח,"שו""ע או""ח","יג כסלו תשע""ט"
22/11/18,בבא קמא,ג-ד,יא-א,שצח,ט-יא,"שו""ע או""ח","יד כסלו תשע""ט"
23/11/18,בבא קמא,ד,ב-ג,שצט,א-ג,"שו""ע או""ח","טו כסלו תשע""ט"
24/11/18,בבא קמא,ד,ד-ה,שצט,ד-ו,"שו""ע או""ח","טז כסלו תשע""ט"
25/11/18,בבא קמא,ד,ו-ז,שצט,ז-ט,"שו""ע או""ח","יז כסלו תשע""ט"
26/11/18,בבא קמא,ד,ח-ט,שצט-ת,י-א,"שו""ע או""ח","יח כסלו תשע""ט"
27/11/18,בבא קמא,ה,א-ב,תא-ב-ג,א-א,"שו""ע או""ח","יט כסלו תשע""ט"
28/11/18,בבא קמא,ה,ג-ד,תד-ה,א-ב,"שו""ע או""ח","כ כסלו תשע""ט"
29/11/18,בבא קמא,ה,ה-ו,תה,ג-ה,"שו""ע או""ח","כא כסלו תשע""ט"
30/11/18,בבא קמא,ה-ו,ז-א,תה,ו-ח,"שו""ע או""ח","כב כסלו תשע""ט"
01/12/18,בבא קמא,ו,ב-ג,תה-ו-ז,ט-א,"שו""ע או""ח","כג כסלו תשע""ט"
02/12/18,בבא קמא,ו,ד-ה,תז-ח,ב-א,"שו""ע או""ח","כד כסלו תשע""ט"
03/12/18,בבא קמא,ו-ז,ו-א,תח,ב-ד,"שו""ע או""ח","כה כסלו תשע""ט"
04/12/18,בבא קמא,ז,ב-ג,תט,א-ג,"שו""ע או""ח","כו כסלו תשע""ט"
05/12/18,בבא קמא,ז,ד-ה,תט,ד-ו,"שו""ע או""ח","כז כסלו תשע""ט"
06/12/18,בבא קמא,ז,ו-ז,תט,ז-ט,"שו""ע או""ח","כח כסלו תשע""ט"
07/12/18,בבא קמא,ח,א-ב,תט,י-יב,"שו""ע או""ח","כט כסלו תשע""ט"
08/12/18,בבא קמא,ח,ג-ד,תט-י,יג-ב,"שו""ע או""ח","ל כסלו תשע""ט"
09/12/18,בבא קמא,ח,ה-ו,תי-א-ב,ג-א,"שו""ע או""ח","א טבת תשע""ט"
10/12/18,בבא קמא,ח-ט,ז-א,תיג-ד,א-ב,"שו""ע או""ח","ב טבת תשע""ט"
11/12/18,בבא קמא,ט,ב-ג,תטו,א-ג,"שו""ע או""ח","ג טבת תשע""ט"
12/12/18,בבא קמא,ט,ד-ה,תטו-ז,ד-ב,"שו""ע או""ח","ד טבת תשע""ט"
13/12/18,בבא קמא,ט,ו-ז,תטז,ג-ה,"שו""ע או""ח","ה טבת תשע""ט"
14/12/18,בבא קמא,ט,ח-ט,תיז-ח,א-ב,"שו""ע או""ח","ו טבת תשע""ט"
15/12/18,בבא קמא,ט,י-יא,תיח,ג-ה,"שו""ע או""ח","ז טבת תשע""ט"
16/12/18,בבא קמא,ט-י,יב-א,תיט-כ,א-ב,"שו""ע או""ח","ח טבת תשע""ט"
17/12/18,בבא קמא,י,ב-ג,תכא-ב,א-ב,"שו""ע או""ח","ט טבת תשע""ט"
18/12/18,בבא קמא,י,ד-ה,תכב,ג-ה,"שו""ע או""ח","י טבת תשע""ט"
19/12/18,בבא קמא,י,ו-ז,תכב-ג,ו-א,"שו""ע או""ח","יא טבת תשע""ט"
20/12/18,בבא קמא,י,ח-ט,תכג,ב-ד,"שו""ע או""ח","יב טבת תשע""ט"
21/12/18,בבא קמא-בבא מציעא,י-א,י-א,תכד-ה,א-ב,"שו""ע או""ח","יג טבת תשע""ט"
22/12/18,בבא מציעא,א,ב-ג,תכה-ו,ג-ב,"שו""ע או""ח","יד טבת תשע""ט"
23/12/18,בבא מציעא,א,ד-ה,תכו-ז,ג-א,"שו""ע או""ח","טו טבת תשע""ט"
24/12/18,בבא מציעא,א,ו-ז,תכח,א-ג,"שו""ע או""ח","טז טבת תשע""ט"
25/12/18,בבא מציעא,א-ב,ח-א,תכח,ד-ו,"שו""ע או""ח","יז טבת תשע""ט"
26/12/18,בבא מציעא,ב,ב-ג,תכח-ט,ז-א,"שו""ע או""ח","יח טבת תשע""ט"
27/12/18,בבא מציעא,ב,ד-ה,תכט-ל-א,ב-א,"שו""ע או""ח","יט טבת תשע""ט"
28/12/18,בבא מציעא,ב,ו-ז,תלא-ב,ב-ב,"שו""ע או""ח","כ טבת תשע""ט"
29/12/18,בבא מציעא,ב,ח-ט,תלג,א-ג,"שו""ע או""ח","כא טבת תשע""ט"
30/12/18,בבא מציעא,ב,י-יא,תלג,ד-ו,"שו""ע או""ח","כב טבת תשע""ט"
31/12/18,בבא מציעא,ג,א-ב,תלג,ז-ט,"שו""ע או""ח","כג טבת תשע""ט"
