קיים כבר בספריא,שם הספר,שם הקובץ,קטגורייה,auto,noc
FALSE,שניים מקרא ואחד תרגום,,לימוד יומי אוטומטי,8,
FALSE,דף יומי,,לימוד יומי אוטומטי,2,
FALSE,חוק לישראל,,לימוד יומי אוטומטי,4,
FALSE,חיד'א יומי,,לימוד יומי אוטומטי,5,
FALSE,תהלים שבועי,,לימוד יומי אוטומטי,6,
FALSE,תהלים חודשי,,לימוד יומי אוטומטי,7,
FALSE,סידור נוסח ספרד (מנהג האשכנזים),,סידור,,
FALSE,סידור נוסח הספרדים ובני עדות המזרח,,סידור,,
FALSE,סידור נוסח אשכנז,,סידור,,
FALSE,סידור נוסח תימן,,סידור,,
FALSE,סליחות,,סידור,,
FALSE,קדיש,2260002,סידור,,1
FALSE,לקט תפילות,224001,סידור,,1
FALSE,סדר מעמדות,224007,סידור,,1
FALSE,פרקי שירה,222555,סידור,,1
FALSE,הגדה של פסח,2260001,סידור,,1
FALSE,תפילת שחרית לימות החול,2220201,סידור נוסח ספרד (מנהג האשכנזים),,1
FALSE,תפילת מנחה לימי החול,2220202,סידור נוסח ספרד (מנהג האשכנזים),,1
FALSE,תפילת ערבית לימי החול,2220203,סידור נוסח ספרד (מנהג האשכנזים),,1
FALSE,קריאת שמע שעל המיטה,2220204,סידור נוסח ספרד (מנהג האשכנזים),,1
FALSE,"ברכות (ברהמ''ז, מעין שלוש והנהנין)",2220206,סידור נוסח ספרד (מנהג האשכנזים),,1
FALSE,"ברכות (המצוות, הראיה, תפילת הדרך)",2220207,סידור נוסח ספרד (מנהג האשכנזים),,1
FALSE,ברכות לשמחות,2220205,סידור נוסח ספרד (מנהג האשכנזים),,1
FALSE,שבת (ללימוד והדפסה בימי חול בלבד),,סידור נוסח ספרד (מנהג האשכנזים),,
FALSE,מועדים וראש חודש,,סידור נוסח ספרד (מנהג האשכנזים),,
FALSE,סדר קריאה בתורה,,סידור נוסח ספרד (מנהג האשכנזים),,
FALSE,תפילות וסגולות שונות,2220234,סידור נוסח ספרד (מנהג האשכנזים),,1
FALSE,סדר ערוב תבשילין/חצרות/תחומין,2220208,שבת (ללימוד והדפסה בימי חול בלבד),,1
FALSE,סדר הדלקת נרות שבת,2220209,שבת (ללימוד והדפסה בימי חול בלבד),,1
FALSE,שיר השירים,2220210,שבת (ללימוד והדפסה בימי חול בלבד),,1
FALSE,תפילת ערבית של שבת,2220211,שבת (ללימוד והדפסה בימי חול בלבד),,1
FALSE,סדר ליל שבת,2220212,שבת (ללימוד והדפסה בימי חול בלבד),,1
FALSE,שחרית של שבת,2220213,שבת (ללימוד והדפסה בימי חול בלבד),,1
FALSE,סדר סעודת שבת,2220214,שבת (ללימוד והדפסה בימי חול בלבד),,1
FALSE,מנחה לשבת קודש,2220215,שבת (ללימוד והדפסה בימי חול בלבד),,1
FALSE,זמירות לסעודה שלישית,2220216,שבת (ללימוד והדפסה בימי חול בלבד),,1
FALSE,סדר מוצאי שבת,2220217,שבת (ללימוד והדפסה בימי חול בלבד),,1
FALSE,סדר נטילת לולב,2220218,מועדים וראש חודש,,1
FALSE,סדר הלל,2220219,מועדים וראש חודש,,1
FALSE,סדר שלש רגלים,2220220,מועדים וראש חודש,,1
FALSE,סדר הושענות,2220221,מועדים וראש חודש,,1
FALSE,פיוט אקדמות לשבועות,2220222,מועדים וראש חודש,,1
FALSE,יוצרות,2220223,מועדים וראש חודש,,1
FALSE,חנוכה,2220224,מועדים וראש חודש,,1
FALSE,פורים,2220225,מועדים וראש חודש,,1
FALSE,יום העצמאות,,מועדים וראש חודש,,
FALSE,תעניות ואבלות,2220226,מועדים וראש חודש,,1
FALSE,סדר ברכת כהנים,2220233,מועדים וראש חודש,,1
FALSE,התרת נדרים,2220237,מועדים וראש חודש,,
FALSE,ערבית,2220235,יום העצמאות,,1
FALSE,שחרית,2220236,יום העצמאות,,1
FALSE,בראשית,2220227,סדר קריאה בתורה,,1
FALSE,שמות,2220228,סדר קריאה בתורה,,1
FALSE,ויקרא,2220229,סדר קריאה בתורה,,1
FALSE,במדבר,2220230,סדר קריאה בתורה,,1
FALSE,דברים,2220231,סדר קריאה בתורה,,1
FALSE,קריאה למועדים,2220232,סדר קריאה בתורה,,1
FALSE,תפילת שחרית לימי החול,2220102,סידור נוסח הספרדים ובני עדות המזרח,,1
FALSE,תפילת מנחה לימי החול,2220103,סידור נוסח הספרדים ובני עדות המזרח,,1
FALSE,תפילת ערבית לימי החול,2220104,סידור נוסח הספרדים ובני עדות המזרח,,1
FALSE,"ברכות (ברהמ''ז, מעין שלוש והנהנין)",2220110,סידור נוסח הספרדים ובני עדות המזרח,,1
FALSE,קריאת שמע שעל המיטה,2220105,סידור נוסח הספרדים ובני עדות המזרח,,1
FALSE,סדר תיקון חצות,2220101,סידור נוסח הספרדים ובני עדות המזרח,,1
FALSE,סדר סליחות והתרת נדרים,224003,סידור נוסח הספרדים ובני עדות המזרח,,1
FALSE,שבת (ללימוד והדפסה בימי חול בלבד),,סידור נוסח הספרדים ובני עדות המזרח,,
FALSE,מועדים וראש חודש,,סידור נוסח הספרדים ובני עדות המזרח,,
FALSE,ברכות ותפילות שונות,2220121,סידור נוסח הספרדים ובני עדות המזרח,,1
FALSE,סדר הדלקת נרות שבת,2220106,שבת (ללימוד והדפסה בימי חול בלבד),,1
FALSE,שיר השירים,2220107,שבת (ללימוד והדפסה בימי חול בלבד),,1
FALSE,תפילת ערבית של שבת,2220108,שבת (ללימוד והדפסה בימי חול בלבד),,1
FALSE,סדר ליל שבת,2220109,שבת (ללימוד והדפסה בימי חול בלבד),,1
FALSE,שחרית של שבת,2220111,שבת (ללימוד והדפסה בימי חול בלבד),,1
FALSE,סדר סעודה שניה,2220112,שבת (ללימוד והדפסה בימי חול בלבד),,1
FALSE,מנחה לשבת קודש,2220113,שבת (ללימוד והדפסה בימי חול בלבד),,1
FALSE,סעודה שלישית,2220114,שבת (ללימוד והדפסה בימי חול בלבד),,1
FALSE,משניות לשבת,2220123,שבת (ללימוד והדפסה בימי חול בלבד),,1
FALSE,מוצאי שבת,2220115,שבת (ללימוד והדפסה בימי חול בלבד),,1
FALSE,סדר ראש חודש,2220116,מועדים וראש חודש,,1
FALSE,תפילה לשלוש רגלים,2220117,מועדים וראש חודש,,1
FALSE,חנוכה,2220118,מועדים וראש חודש,,1
FALSE,פורים,2220119,מועדים וראש חודש,,1
FALSE,חודש ניסן,2220120,מועדים וראש חודש,,1
FALSE,תעניות ואבילות,2220122,מועדים וראש חודש,,1
FALSE,התרת נדרים,2220124,מועדים וראש חודש,,
FALSE,שחרית,2230101,סידור נוסח אשכנז,,1
FALSE,מנחה,2230103,סידור נוסח אשכנז,,1
FALSE,מעריב,2230104,סידור נוסח אשכנז,,1
FALSE,ברכות,2230105,סידור נוסח אשכנז,,1
FALSE,סדר קריאה בתורה,,סידור נוסח אשכנז,,
FALSE,התרת נדרים,2220237,סידור נוסח אשכנז,,
FALSE,בראשית,2220227,סדר קריאה בתורה,,1
FALSE,שמות,2220228,סדר קריאה בתורה,,1
FALSE,ויקרא,2220229,סדר קריאה בתורה,,1
FALSE,במדבר,2220230,סדר קריאה בתורה,,1
FALSE,דברים,2220231,סדר קריאה בתורה,,1
FALSE,קריאה למועדים,2220232,סדר קריאה בתורה,,1
FALSE,שחרית,2250101,סידור נוסח תימן,,1
FALSE,מנחה,2250103,סידור נוסח תימן,,1
FALSE,ערבית,2250102,סידור נוסח תימן,,1
FALSE,ברכת המזון,2250105,סידור נוסח תימן,,1
FALSE,פולין (ספרד),2270001,סליחות,,1
FALSE,ספרדי ועדות המזרח,2270002,סליחות,,1
FALSE,תורה,,תנ''ך,,
FALSE,נביאים,,תנ''ך,,
FALSE,כתובים,,תנ''ך,,
FALSE,תורה לפי פרקים (פרשנים),,תורה,,
FALSE,תורה לפי פרשיות (שניים מקרא וא' תר'),,תורה,,
FALSE,בראשית,1,תורה לפי פרקים (פרשנים),,50
FALSE,שמות,2,תורה לפי פרקים (פרשנים),,40
FALSE,ויקרא,3,תורה לפי פרקים (פרשנים),,27
FALSE,במדבר,4,תורה לפי פרקים (פרשנים),,36
FALSE,דברים,5,תורה לפי פרקים (פרשנים),,34
FALSE,בראשית,,תורה לפי פרשיות (שניים מקרא וא' תר'),,
FALSE,שמות,,תורה לפי פרשיות (שניים מקרא וא' תר'),,
FALSE,ויקרא,,תורה לפי פרשיות (שניים מקרא וא' תר'),,
FALSE,במדבר,,תורה לפי פרשיות (שניים מקרא וא' תר'),,
FALSE,דברים,,תורה לפי פרשיות (שניים מקרא וא' תר'),,
FALSE,פרשת בראשית,999001,בראשית,,1
FALSE,פרשת נח,999002,בראשית,,1
FALSE,פרשת לך לך,999003,בראשית,,1
FALSE,פרשת וירא,999004,בראשית,,1
FALSE,פרשת חיי שרה,999005,בראשית,,1
FALSE,פרשת תולדות,999006,בראשית,,1
FALSE,פרשת ויצא,999007,בראשית,,1
FALSE,פרשת וישלח,999008,בראשית,,1
FALSE,פרשת וישב,999009,בראשית,,1
FALSE,פרשת מקץ,999010,בראשית,,1
FALSE,פרשת ויגש,999011,בראשית,,1
FALSE,פרשת ויחי,999012,בראשית,,1
FALSE,פרשת שמות,999101,שמות,,1
FALSE,פרשת וארא,999102,שמות,,1
FALSE,פרשת בא,999103,שמות,,1
FALSE,פרשת בשלח,999104,שמות,,1
FALSE,פרשת יתרו,999105,שמות,,1
FALSE,פרשת משפטים,999106,שמות,,1
FALSE,פרשת תרומה,999107,שמות,,1
FALSE,פרשת תצוה,999108,שמות,,1
FALSE,פרשת כי תשא,999109,שמות,,1
FALSE,פרשת ויקהל,999110,שמות,,1
FALSE,פרשת פקודי,999111,שמות,,1
FALSE,פרשת ויקרא,999201,ויקרא,,1
FALSE,פרשת צו,999202,ויקרא,,1
FALSE,פרשת שמיני,999203,ויקרא,,1
FALSE,פרשת תזריע,999204,ויקרא,,1
FALSE,פרשת מצורע,999205,ויקרא,,1
FALSE,פרשת אחרי מות,999206,ויקרא,,1
FALSE,פרשת קדושים,999207,ויקרא,,1
FALSE,פרשת אמור,999208,ויקרא,,1
FALSE,פרשת בהר,999209,ויקרא,,1
FALSE,פרשת בחקתי,999210,ויקרא,,1
FALSE,פרשת במדבר,999301,במדבר,,1
FALSE,פרשת נשא,999302,במדבר,,1
FALSE,פרשת בהעלתך,999303,במדבר,,1
FALSE,פרשת שלח לך,999304,במדבר,,1
FALSE,פרשת קרח,999305,במדבר,,1
FALSE,פרשת חקת,999306,במדבר,,1
FALSE,פרשת בלק,999307,במדבר,,1
FALSE,פרשת פינחס,999308,במדבר,,1
FALSE,פרשת מטות,999309,במדבר,,1
FALSE,פרשת מסעי,999310,במדבר,,1
FALSE,פרשת דברים,999401,דברים,,1
FALSE,פרשת ואתחנן,999402,דברים,,1
FALSE,פרשת עקב,999403,דברים,,1
FALSE,פרשת ראה,999404,דברים,,1
FALSE,פרשת שופטים,999405,דברים,,1
FALSE,פרשת כי תצא,999406,דברים,,1
FALSE,פרשת כי תבוא,999407,דברים,,1
FALSE,פרשת נצבים,999408,דברים,,1
FALSE,פרשת וילך,999409,דברים,,1
FALSE,פרשת האזינו,999410,דברים,,1
FALSE,פרשת וזאת הברכה,999411,דברים,,1
FALSE,יהושע,6,נביאים,,24
FALSE,שופטים,7,נביאים,,21
FALSE,שמואל א,8,נביאים,,31
FALSE,שמואל ב,9,נביאים,,24
FALSE,מלכים א,10,נביאים,,22
FALSE,מלכים ב,11,נביאים,,25
FALSE,ישעיהו,12,נביאים,,66
FALSE,ירמיהו,13,נביאים,,52
FALSE,יחזקאל,14,נביאים,,48
FALSE,הושע,15,נביאים,,14
FALSE,יואל,16,נביאים,,4
FALSE,עמוס,17,נביאים,,9
FALSE,עבדיה,18,נביאים,,1
FALSE,יונה,19,נביאים,,4
FALSE,מיכה,20,נביאים,,7
FALSE,נחום,21,נביאים,,3
FALSE,חבקוק,22,נביאים,,3
FALSE,צפניה,23,נביאים,,3
FALSE,חגי,24,נביאים,,2
FALSE,זכריה,25,נביאים,,14
FALSE,מלאכי,26,נביאים,,3
FALSE,תהלים,27,כתובים,,150
FALSE,משלי,28,כתובים,,31
FALSE,איוב,29,כתובים,,42
FALSE,שיר השירים,30,כתובים,,8
FALSE,רות,31,כתובים,,4
FALSE,איכה,32,כתובים,,5
FALSE,קהלת,33,כתובים,,12
FALSE,אסתר,34,כתובים,,10
FALSE,דניאל,35,כתובים,,12
FALSE,עזרא,36,כתובים,,10
FALSE,נחמיה,37,כתובים,,13
FALSE,דברי הימים א,38,כתובים,,29
FALSE,דברי הימים ב,39,כתובים,,36
FALSE,זרעים,,משנה,,
FALSE,מועד,,משנה,,
FALSE,נשים,,משנה,,
FALSE,נזיקין,,משנה,,
FALSE,קדשים,,משנה,,
FALSE,טהרות,,משנה,,
FALSE,ברכות,2001,זרעים,,1
FALSE,פיאה,2002,זרעים,,1
FALSE,דמאי,2003,זרעים,,1
FALSE,כלאיים,2004,זרעים,,1
FALSE,שביעית,2005,זרעים,,1
FALSE,תרומות,2006,זרעים,,1
FALSE,מעשרות,2007,זרעים,,1
FALSE,מעשר שני,2008,זרעים,,1
FALSE,חלה,2009,זרעים,,1
FALSE,ערלה,2010,זרעים,,1
FALSE,ביכורים,2011,זרעים,,1
FALSE,שבת,2012,מועד,,1
FALSE,עירובין,2013,מועד,,1
FALSE,פסחים,2014,מועד,,1
FALSE,שקלים,2015,מועד,,1
FALSE,יומא,2016,מועד,,1
FALSE,סוכה,2017,מועד,,1
FALSE,ביצה,2018,מועד,,1
FALSE,ראש השנה,2019,מועד,,1
FALSE,תענית,2020,מועד,,1
FALSE,מגילה,2021,מועד,,1
FALSE,מועד קטן,2022,מועד,,1
FALSE,חגיגה,2023,מועד,,1
FALSE,יבמות,2024,נשים,,1
FALSE,כתובות,2025,נשים,,1
FALSE,נדרים,2026,נשים,,1
FALSE,נזיר,2027,נשים,,1
FALSE,סוטה,2028,נשים,,1
FALSE,גיטין,2029,נשים,,1
FALSE,קידושין,2030,נשים,,1
FALSE,בבא קמא,2031,נזיקין,,1
FALSE,בבא מציעא,2032,נזיקין,,1
FALSE,בבא בתרא,2033,נזיקין,,1
FALSE,סנהדרין,2034,נזיקין,,1
FALSE,מכות,2035,נזיקין,,1
FALSE,שבועות,2036,נזיקין,,1
FALSE,עדיות,2037,נזיקין,,1
FALSE,עבודה זרה,2038,נזיקין,,1
FALSE,אבות,2039,נזיקין,,1
FALSE,הוריות,2040,נזיקין,,1
FALSE,זבחים,2041,קדשים,,1
FALSE,מנחות,2042,קדשים,,1
FALSE,חולין,2043,קדשים,,1
FALSE,בכורות,2044,קדשים,,1
FALSE,ערכין,2045,קדשים,,1
FALSE,תמורה,2046,קדשים,,1
FALSE,כריתות,2047,קדשים,,1
FALSE,מעילה,2048,קדשים,,1
FALSE,תמיד,2049,קדשים,,1
FALSE,מידות,2050,קדשים,,1
FALSE,קינים,2051,קדשים,,1
FALSE,כלים,2052,טהרות,,1
FALSE,אהלות,2053,טהרות,,1
FALSE,נגעים,2054,טהרות,,1
FALSE,פרה,2055,טהרות,,1
FALSE,טהרות,2056,טהרות,,1
FALSE,מקואות,2057,טהרות,,1
FALSE,נידה,2058,טהרות,,1
FALSE,מכשירין,2059,טהרות,,1
FALSE,זבים,2060,טהרות,,1
FALSE,טבול יום,2061,טהרות,,1
FALSE,ידיים,2062,טהרות,,1
FALSE,עוקצים,2063,טהרות,,1
FALSE,בבלי,,גמרא,,
FALSE,ירושלמי,,גמרא,,
FALSE,בבלי - חברותא,,גמרא,,
FALSE,תלמוד בבלי - ברכות,1450001,בבלי,,1
FALSE,תלמוד בבלי - שבת,1450002,בבלי,,1
FALSE,תלמוד בבלי - עירובין,450003,בבלי,,1
FALSE,תלמוד בבלי - פסחים,450004,בבלי,,1
FALSE,תלמוד ירושלמי - שקלים,450005,בבלי,,1
FALSE,תלמוד בבלי - יומא,450006,בבלי,,1
FALSE,תלמוד בבלי - סוכה,450007,בבלי,,1
FALSE,תלמוד בבלי - ביצה,450008,בבלי,,1
FALSE,תלמוד בבלי - ראש השנה,450009,בבלי,,1
FALSE,תלמוד בבלי - תענית,450010,בבלי,,1
FALSE,תלמוד בבלי - מגילה,450011,בבלי,,1
FALSE,תלמוד בבלי - מועד קטן,450012,בבלי,,1
FALSE,תלמוד בבלי - חגיגה,450013,בבלי,,1
FALSE,תלמוד בבלי - יבמות,450014,בבלי,,1
FALSE,תלמוד בבלי - כתובות,450015,בבלי,,1
FALSE,תלמוד בבלי - נדרים,450016,בבלי,,1
FALSE,תלמוד בבלי - נזיר,450017,בבלי,,1
FALSE,תלמוד בבלי - סוטה,450018,בבלי,,1
FALSE,תלמוד בבלי - גיטין,450019,בבלי,,1
FALSE,תלמוד בבלי - קידושין,450020,בבלי,,1
FALSE,תלמוד בבלי - בבא קמא,450021,בבלי,,1
FALSE,תלמוד בבלי - בבא מציעא,450022,בבלי,,1
FALSE,תלמוד בבלי - בבא בתרא,450023,בבלי,,1
FALSE,תלמוד בבלי - סנהדרין,450024,בבלי,,1
FALSE,תלמוד בבלי - מכות,450025,בבלי,,1
FALSE,תלמוד בבלי - שבועות,450026,בבלי,,1
FALSE,תלמוד בבלי - עבודה זרה,450027,בבלי,,1
FALSE,תלמוד בבלי - הוריות,450028,בבלי,,1
FALSE,תלמוד בבלי - עדיות,450029,בבלי,,1
FALSE,תלמוד בבלי - זבחים,450030,בבלי,,1
FALSE,תלמוד בבלי - מנחות,450031,בבלי,,1
FALSE,תלמוד בבלי - חולין,450032,בבלי,,1
FALSE,תלמוד בבלי - בכורות,450033,בבלי,,1
FALSE,תלמוד בבלי - ערכין,450034,בבלי,,1
FALSE,תלמוד בבלי - תמורה,450035,בבלי,,1
FALSE,תלמוד בבלי - כריתות,450036,בבלי,,1
FALSE,תלמוד בבלי - מעילה,450037,בבלי,,1
FALSE,תלמוד בבלי - תמיד,450038,בבלי,,1
FALSE,תלמוד בבלי - נדה,450039,בבלי,,1
FALSE,זרעים,,ירושלמי,,
FALSE,מועד,,ירושלמי,,
FALSE,נשים,,ירושלמי,,
FALSE,נזיקין,,ירושלמי,,
FALSE,טהרות,,ירושלמי,,
FALSE,ברכות,,זרעים,,
FALSE,פיאה,,זרעים,,
FALSE,דמאי,,זרעים,,
FALSE,כלאיים,,זרעים,,
FALSE,שביעית,,זרעים,,
FALSE,תרומות,,זרעים,,
FALSE,מעשרות,,זרעים,,
FALSE,מעשר שני,,זרעים,,
FALSE,חלה,,זרעים,,
FALSE,עורלה,,זרעים,,
FALSE,ביכורים,,זרעים,,
FALSE,פרק א,490039,ברכות,,1
FALSE,פרק ב,490040,ברכות,,1
FALSE,פרק ג,490041,ברכות,,1
FALSE,פרק ד,490042,ברכות,,1
FALSE,פרק ה,490043,ברכות,,1
FALSE,פרק ו,490044,ברכות,,1
FALSE,פרק ז,490045,ברכות,,1
FALSE,פרק ח,490046,ברכות,,1
FALSE,פרק ט,490047,ברכות,,1
FALSE,פרק א,490207,פיאה,,1
FALSE,פרק ב,490208,פיאה,,1
FALSE,פרק ג,490209,פיאה,,1
FALSE,פרק ד,490210,פיאה,,1
FALSE,פרק ה,490211,פיאה,,1
FALSE,פרק ו,490212,פיאה,,1
FALSE,פרק ז,490213,פיאה,,1
FALSE,פרק ח,490214,פיאה,,1
FALSE,פרק א,490057,דמאי,,1
FALSE,פרק ב,490058,דמאי,,1
FALSE,פרק ג,490059,דמאי,,1
FALSE,פרק ד,490060,דמאי,,1
FALSE,פרק ה,490061,דמאי,,1
FALSE,פרק ו,490062,דמאי,,1
FALSE,פרק ז,490063,דמאי,,1
FALSE,פרק א,490098,כלאיים,,1
FALSE,פרק ב,490099,כלאיים,,1
FALSE,פרק ג,490100,כלאיים,,1
FALSE,פרק ד,490101,כלאיים,,1
FALSE,פרק ה,490102,כלאיים,,1
FALSE,פרק ו,490103,כלאיים,,1
FALSE,פרק ז,490104,כלאיים,,1
FALSE,פרק ח,490105,כלאיים,,1
FALSE,פרק ט,490106,כלאיים,,1
FALSE,פרק א,490241,שביעית,,1
FALSE,פרק ב,490242,שביעית,,1
FALSE,פרק ג,490243,שביעית,,1
FALSE,פרק ד,490244,שביעית,,1
FALSE,פרק ה,490245,שביעית,,1
FALSE,פרק ו,490246,שביעית,,1
FALSE,פרק ז,490247,שביעית,,1
FALSE,פרק ח,490248,שביעית,,1
FALSE,פרק ט,490249,שביעית,,1
FALSE,פרק י,490250,שביעית,,1
FALSE,פרק א,490287,תרומות,,1
FALSE,פרק ב,490288,תרומות,,1
FALSE,פרק ג,490289,תרומות,,1
FALSE,פרק ד,490290,תרומות,,1
FALSE,פרק ה,490291,תרומות,,1
FALSE,פרק ו,490292,תרומות,,1
FALSE,פרק ז,490293,תרומות,,1
FALSE,פרק ח,490294,תרומות,,1
FALSE,פרק ט,490295,תרומות,,1
FALSE,פרק י,490296,תרומות,,1
FALSE,פרק יא,490297,תרומות,,1
FALSE,פרק א,490135,מעשרות,,1
FALSE,פרק ב,490136,מעשרות,,1
FALSE,פרק ג,490137,מעשרות,,1
FALSE,פרק ד,490138,מעשרות,,1
FALSE,פרק ה,490139,מעשרות,,1
FALSE,פרק א,490130,מעשר שני,,1
FALSE,פרק ב,490131,מעשר שני,,1
FALSE,פרק ג,490132,מעשר שני,,1
FALSE,פרק ד,490133,מעשר שני,,1
FALSE,פרק ה,490134,מעשר שני,,1
FALSE,פרק א,490070,חלה,,1
FALSE,פרק ב,490071,חלה,,1
FALSE,פרק ג,490072,חלה,,1
FALSE,פרק ד,490073,חלה,,1
FALSE,פרק א,490194,עורלה,,1
FALSE,פרק ב,490195,עורלה,,1
FALSE,פרק ג,490196,עורלה,,1
FALSE,פרק א,490031,ביכורים,,1
FALSE,פרק ב,490032,ביכורים,,1
FALSE,פרק ג,490033,ביכורים,,1
FALSE,שבת,,מועד,,
FALSE,עירובין,,מועד,,
FALSE,פסחים,,מועד,,
FALSE,יומא,,מועד,,
FALSE,שקלים,,מועד,,
FALSE,ראש השנה,,מועד,,
FALSE,סוכה,,מועד,,
FALSE,ביצה,,מועד,,
FALSE,תענית,,מועד,,
FALSE,מגילה,,מועד,,
FALSE,חגיגה,,מועד,,
FALSE,מועד קטן,,מועד,,
FALSE,פרק א,490251,שבת,,1
FALSE,פרק ב,490252,שבת,,1
FALSE,פרק ג,490253,שבת,,1
FALSE,פרק ד,490254,שבת,,1
FALSE,פרק ה,490255,שבת,,1
FALSE,פרק ו,490256,שבת,,1
FALSE,פרק ז,490257,שבת,,1
FALSE,פרק ח,490258,שבת,,1
FALSE,פרק ט,490259,שבת,,1
FALSE,פרק י,490260,שבת,,1
FALSE,פרק יא,490261,שבת,,1
FALSE,פרק יב,490262,שבת,,1
FALSE,פרק יג,490263,שבת,,1
FALSE,פרק יד,490264,שבת,,1
FALSE,פרק טו,490265,שבת,,1
FALSE,פרק טז,490266,שבת,,1
FALSE,פרק יז,490267,שבת,,1
FALSE,פרק יח,490268,שבת,,1
FALSE,פרק יט,490269,שבת,,1
FALSE,פרק כ,490270,שבת,,1
FALSE,פרק כא,490271,שבת,,1
FALSE,פרק כב,490272,שבת,,1
FALSE,פרק כג,490273,שבת,,1
FALSE,פרק כד,490274,שבת,,1
FALSE,פרק א,490197,עירובין,,1
FALSE,פרק ב,490198,עירובין,,1
FALSE,פרק ג,490199,עירובין,,1
FALSE,פרק ד,490200,עירובין,,1
FALSE,פרק ה,490201,עירובין,,1
FALSE,פרק ו,490202,עירובין,,1
FALSE,פרק ז,490203,עירובין,,1
FALSE,פרק ח,490204,עירובין,,1
FALSE,פרק ט,490205,עירובין,,1
FALSE,פרק י,490206,עירובין,,1
FALSE,פרק א,490215,פסחים,,1
FALSE,פרק ב,490216,פסחים,,1
FALSE,פרק ג,490217,פסחים,,1
FALSE,פרק ד,490218,פסחים,,1
FALSE,פרק ה,490219,פסחים,,1
FALSE,פרק ו,490220,פסחים,,1
FALSE,פרק ז,490221,פסחים,,1
FALSE,פרק ח,490222,פסחים,,1
FALSE,פרק ט,490223,פסחים,,1
FALSE,פרק י,490224,פסחים,,1
FALSE,פרק א,490090,יומא,,1
FALSE,פרק ב,490091,יומא,,1
FALSE,פרק ג,490092,יומא,,1
FALSE,פרק ד,490093,יומא,,1
FALSE,פרק ה,490094,יומא,,1
FALSE,פרק ו,490095,יומא,,1
FALSE,פרק ז,490096,יומא,,1
FALSE,פרק ח,490097,יומא,,1
FALSE,פרק א,490275,שקלים,,1
FALSE,פרק ב,490276,שקלים,,1
FALSE,פרק ג,490277,שקלים,,1
FALSE,פרק ד,490278,שקלים,,1
FALSE,פרק ה,490279,שקלים,,1
FALSE,פרק ו,490280,שקלים,,1
FALSE,פרק ז,490281,שקלים,,1
FALSE,פרק ח,490282,שקלים,,1
FALSE,פרק א,490229,ראש השנה,,1
FALSE,פרק ב,490230,ראש השנה,,1
FALSE,פרק ג,490231,ראש השנה,,1
FALSE,פרק ד,490232,ראש השנה,,1
FALSE,פרק א,490173,סוכה,,1
FALSE,פרק ב,490174,סוכה,,1
FALSE,פרק ג,490175,סוכה,,1
FALSE,פרק ד,490176,סוכה,,1
FALSE,פרק ה,490177,סוכה,,1
FALSE,פרק א,490034,ביצה,,1
FALSE,פרק ב,490035,ביצה,,1
FALSE,פרק ג,490036,ביצה,,1
FALSE,פרק ד,490037,ביצה,,1
FALSE,פרק ה,490038,ביצה,,1
FALSE,פרק א,490283,תענית,,1
FALSE,פרק ב,490284,תענית,,1
FALSE,פרק ג,490285,תענית,,1
FALSE,פרק ד,490286,תענית,,1
FALSE,פרק א,490120,מגילה,,1
FALSE,פרק ב,490121,מגילה,,1
FALSE,פרק ג,490122,מגילה,,1
FALSE,פרק ד,490123,מגילה,,1
FALSE,פרק א,490067,חגיגה,,1
FALSE,פרק ב,490068,חגיגה,,1
FALSE,פרק ג,490069,חגיגה,,1
FALSE,פרק א,490124,מועד קטן,,1
FALSE,פרק ב,490125,מועד קטן,,1
FALSE,פרק ג,490126,מועד קטן,,1
FALSE,יבמות,,נשים,,
FALSE,כתובות,,נשים,,
FALSE,נדרים,,נשים,,
FALSE,נזיר,,נשים,,
FALSE,גיטין,,נשים,,
FALSE,סוטה,,נשים,,
FALSE,קידושין,,נשים,,
FALSE,פרק א,490074,יבמות,,1
FALSE,פרק ב,490075,יבמות,,1
FALSE,פרק ג,490076,יבמות,,1
FALSE,פרק ד,490077,יבמות,,1
FALSE,פרק ה,490078,יבמות,,1
FALSE,פרק ו,490079,יבמות,,1
FALSE,פרק ז,490080,יבמות,,1
FALSE,פרק ח,490081,יבמות,,1
FALSE,פרק ט,490082,יבמות,,1
FALSE,פרק י,490083,יבמות,,1
FALSE,פרק יא,490084,יבמות,,1
FALSE,פרק יב,490085,יבמות,,1
FALSE,פרק יג,490086,יבמות,,1
FALSE,פרק יד,490087,יבמות,,1
FALSE,פרק טו,490088,יבמות,,1
FALSE,פרק טז,490089,יבמות,,1
FALSE,פרק א,490107,כתובות,,1
FALSE,פרק ב,490108,כתובות,,1
FALSE,פרק ג,490109,כתובות,,1
FALSE,פרק ד,490110,כתובות,,1
FALSE,פרק ה,490111,כתובות,,1
FALSE,פרק ו,490112,כתובות,,1
FALSE,פרק ז,490113,כתובות,,1
FALSE,פרק ח,490114,כתובות,,1
FALSE,פרק ט,490115,כתובות,,1
FALSE,פרק י,490116,כתובות,,1
FALSE,פרק יא,490117,כתובות,,1
FALSE,פרק יב,490118,כתובות,,1
FALSE,פרק יג,490119,כתובות,,1
FALSE,פרק א,490140,נדרים,,1
FALSE,פרק ב,490141,נדרים,,1
FALSE,פרק ג,490142,נדרים,,1
FALSE,פרק ד,490143,נדרים,,1
FALSE,פרק ה,490144,נדרים,,1
FALSE,פרק ו,490145,נדרים,,1
FALSE,פרק ז,490146,נדרים,,1
FALSE,פרק ח,490147,נדרים,,1
FALSE,פרק ט,490148,נדרים,,1
FALSE,פרק י,490149,נדרים,,1
FALSE,פרק יא,490150,נדרים,,1
FALSE,פרק א,490151,נזיר,,1
FALSE,פרק ב,490152,נזיר,,1
FALSE,פרק ג,490153,נזיר,,1
FALSE,פרק ד,490154,נזיר,,1
FALSE,פרק ה,490155,נזיר,,1
FALSE,פרק ו,490156,נזיר,,1
FALSE,פרק ז,490157,נזיר,,1
FALSE,פרק ח,490158,נזיר,,1
FALSE,פרק ט,490159,נזיר,,1
FALSE,פרק א,490048,גיטין,,1
FALSE,פרק ב,490049,גיטין,,1
FALSE,פרק ג,490050,גיטין,,1
FALSE,פרק ד,490051,גיטין,,1
FALSE,פרק ה,490052,גיטין,,1
FALSE,פרק ו,490053,גיטין,,1
FALSE,פרק ז,490054,גיטין,,1
FALSE,פרק ח,490055,גיטין,,1
FALSE,פרק ט,490056,גיטין,,1
FALSE,פרק א,490164,סוטה,,1
FALSE,פרק ב,490165,סוטה,,1
FALSE,פרק ג,490166,סוטה,,1
FALSE,פרק ד,490167,סוטה,,1
FALSE,פרק ה,490168,סוטה,,1
FALSE,פרק ו,490169,סוטה,,1
FALSE,פרק ז,490170,סוטה,,1
FALSE,פרק ח,490171,סוטה,,1
FALSE,פרק ט,490172,סוטה,,1
FALSE,פרק א,490225,קידושין,,1
FALSE,פרק ב,490226,קידושין,,1
FALSE,פרק ג,490227,קידושין,,1
FALSE,פרק ד,490228,קידושין,,1
FALSE,בבא קמא,,נזיקין,,
FALSE,בבא מציעא,,נזיקין,,
FALSE,בבא בתרא,,נזיקין,,
FALSE,שבועות,,נזיקין,,
FALSE,מכות,,נזיקין,,
FALSE,סנהדרין,,נזיקין,,
FALSE,עבודה זרה,,נזיקין,,
FALSE,הוריות,,נזיקין,,
FALSE,פרק א,490021,בבא קמא,,1
FALSE,פרק ב,490022,בבא קמא,,1
FALSE,פרק ג,490023,בבא קמא,,1
FALSE,פרק ד,490024,בבא קמא,,1
FALSE,פרק ה,490025,בבא קמא,,1
FALSE,פרק ו,490026,בבא קמא,,1
FALSE,פרק ז,490027,בבא קמא,,1
FALSE,פרק ח,490028,בבא קמא,,1
FALSE,פרק ט,490029,בבא קמא,,1
FALSE,פרק י,490030,בבא קמא,,1
FALSE,פרק א,490011,בבא מציעא,,1
FALSE,פרק ב,490012,בבא מציעא,,1
FALSE,פרק ג,490013,בבא מציעא,,1
FALSE,פרק ד,490014,בבא מציעא,,1
FALSE,פרק ה,490015,בבא מציעא,,1
FALSE,פרק ו,490016,בבא מציעא,,1
FALSE,פרק ז,490017,בבא מציעא,,1
FALSE,פרק ח,490018,בבא מציעא,,1
FALSE,פרק ט,490019,בבא מציעא,,1
FALSE,פרק י,490020,בבא מציעא,,1
FALSE,פרק א,490001,בבא בתרא,,1
FALSE,פרק ב,490002,בבא בתרא,,1
FALSE,פרק ג,490003,בבא בתרא,,1
FALSE,פרק ד,490004,בבא בתרא,,1
FALSE,פרק ה,490005,בבא בתרא,,1
FALSE,פרק ו,490006,בבא בתרא,,1
FALSE,פרק ז,490007,בבא בתרא,,1
FALSE,פרק ח,490008,בבא בתרא,,1
FALSE,פרק ט,490009,בבא בתרא,,1
FALSE,פרק י,490010,בבא בתרא,,1
FALSE,פרק א,490233,שבועות,,1
FALSE,פרק ב,490234,שבועות,,1
FALSE,פרק ג,490235,שבועות,,1
FALSE,פרק ד,490236,שבועות,,1
FALSE,פרק ה,490237,שבועות,,1
FALSE,פרק ו,490238,שבועות,,1
FALSE,פרק ז,490239,שבועות,,1
FALSE,פרק ח,490240,שבועות,,1
FALSE,פרק א,490127,מכות,,1
FALSE,פרק ב,490128,מכות,,1
FALSE,פרק ג,490129,מכות,,1
FALSE,פרק א,490178,סנהדרין,,1
FALSE,פרק ב,490179,סנהדרין,,1
FALSE,פרק ג,490180,סנהדרין,,1
FALSE,פרק ד,490181,סנהדרין,,1
FALSE,פרק ה,490182,סנהדרין,,1
FALSE,פרק ו,490183,סנהדרין,,1
FALSE,פרק ז,490184,סנהדרין,,1
FALSE,פרק ח,490185,סנהדרין,,1
FALSE,פרק ט,490186,סנהדרין,,1
FALSE,פרק י,490187,סנהדרין,,1
FALSE,פרק יא,490188,סנהדרין,,1
FALSE,פרק א,490189,עבודה זרה,,1
FALSE,פרק ב,490190,עבודה זרה,,1
FALSE,פרק ג,490191,עבודה זרה,,1
FALSE,פרק ד,490192,עבודה זרה,,1
FALSE,פרק ה,490193,עבודה זרה,,1
FALSE,פרק א,490064,הוריות,,1
FALSE,פרק ב,490065,הוריות,,1
FALSE,פרק ג,490066,הוריות,,1
FALSE,נידה,,טהרות,,
FALSE,פרק א,490160,נידה,,1
FALSE,פרק ב,490161,נידה,,1
FALSE,פרק ג,490162,נידה,,1
FALSE,פרק ד,490163,נידה,,1
FALSE,זרעים,,בבלי - חברותא,,
FALSE,מועד,,בבלי - חברותא,,
FALSE,נשים,,בבלי - חברותא,,
FALSE,נזיקין,,בבלי - חברותא,,
FALSE,קדשים,,בבלי - חברותא,,
FALSE,טהרות,,בבלי - חברותא,,
FALSE,ברכות,451001,זרעים,,1
FALSE,שבת,451002,מועד,,1
FALSE,עירובין,451003,מועד,,1
FALSE,פסחים,451004,מועד,,1
FALSE,שקלים,451005,מועד,,1
FALSE,יומא,451007,מועד,,1
FALSE,סוכה,451008,מועד,,1
FALSE,ביצה,451009,מועד,,1
FALSE,ראש השנה,451006,מועד,,1
FALSE,תענית,451010,מועד,,1
FALSE,מגילה,451011,מועד,,1
FALSE,מועד קטן,451012,מועד,,1
FALSE,חגיגה,451013,מועד,,1
FALSE,יבמות,451014,נשים,,1
FALSE,כתובות,451015,נשים,,1
FALSE,נדרים,451016,נשים,,1
FALSE,נזיר,451017,נשים,,1
FALSE,סוטה,451018,נשים,,1
FALSE,גיטין,451019,נשים,,1
FALSE,קידושין,451020,נשים,,1
FALSE,בבא קמא,451021,נזיקין,,1
FALSE,בבא מציעא,451022,נזיקין,,1
FALSE,בבא בתרא,451023,נזיקין,,1
FALSE,סנהדרין,451024,נזיקין,,1
FALSE,מכות,451025,נזיקין,,1
FALSE,שבועות,451026,נזיקין,,1
FALSE,עבודה זרה,451027,נזיקין,,1
FALSE,הוריות,451028,נזיקין,,1
FALSE,זבחים,451030,קדשים,,1
FALSE,מנחות,451031,קדשים,,1
FALSE,חולין,451032,קדשים,,1
FALSE,בכורות,451033,קדשים,,1
FALSE,ערכין,451034,קדשים,,1
FALSE,תמורה,451035,קדשים,,1
FALSE,כריתות,451036,קדשים,,1
FALSE,מעילה,451037,קדשים,,1
FALSE,תמיד,451038,קדשים,,1
FALSE,נדה,451039,טהרות,,1
FALSE,מכילתא,,מדרשים,,
FALSE,ספרא,500066,מדרשים,,1
FALSE,ספרי,,מדרשים,,
FALSE,מדרש רבא,,מדרשים,,
FALSE,מדרש תנחומא,,מדרשים,,
FALSE,ילקוט שמעוני,,מדרשים,,
FALSE,אבות דרבי נתן,13029,מדרשים,,1
FALSE,מגילת תענית,13002,מדרשים,,1
FALSE,מסכת דרך ארץ זוטא,13003,מדרשים,,1
FALSE,פרקי דרבי אליעזר,777,מדרשים,,1
FALSE,ברייתא דסדר עולם רבה ,500007,מדרשים,,1
FALSE,מדרש אגדת בראשית,500008,מדרשים,,1
FALSE,מדרש זוטא,500009,מדרשים,,1
FALSE,מדרש משלי,500010,מדרשים,,1
FALSE,מדרש פנים אחרים,500011,מדרשים,,1
FALSE,מדרש פרקי הירידות,500012,מדרשים,,1
FALSE,מדרש שמואל,500013,מדרשים,,1
FALSE,מדרש תהילים,500014,מדרשים,,1
FALSE,פסיקתא דרב כהנא,500015,מדרשים,,1
FALSE,פסיקתא רבתי,500016,מדרשים,,1
FALSE,תנא דבי אליהו זוטא,500017,מדרשים,,1
FALSE,תנא דבי אליהו רבה,500018,מדרשים,,1
FALSE,מדרש הנעלם,500100,מדרשים,,1
FALSE,בתי מדרשות -מדרשים קצרים,500043,מדרשים,,1
FALSE,בתי מדרשות,,מדרשים,,
FALSE,מכילתא על שמות יב,500046,מכילתא,,1
FALSE,מכילתא על שמות יג,500047,מכילתא,,1
FALSE,מכילתא על שמות יד,500048,מכילתא,,1
FALSE,מכילתא על שמות טו,500049,מכילתא,,1
FALSE,מכילתא על שמות טז,500050,מכילתא,,1
FALSE,מכילתא על שמות יח,500051,מכילתא,,1
FALSE,מכילתא על שמות יט,500052,מכילתא,,1
FALSE,מכילתא על שמות כ,500053,מכילתא,,1
FALSE,מכילתא על שמות כא,500054,מכילתא,,1
FALSE,מכילתא על שמות כב,500055,מכילתא,,1
FALSE,מכילתא על שמות כג,500056,מכילתא,,1
FALSE,מכילתא על שמות לא,500057,מכילתא,,1
FALSE,מכילתא על שמות לה,500058,מכילתא,,1
FALSE,ספרי על במדבר ה,500060,ספרי,,1
FALSE,ספרי על במדבר ו,500061,ספרי,,1
FALSE,ספרי על במדבר ז,500062,ספרי,,1
FALSE,ספרי על במדבר ח,500063,ספרי,,1
FALSE,ספרי על במדבר ט,500064,ספרי,,1
FALSE,ספרי על במדבר טו,500065,ספרי,,1
FALSE,בראשית,13011,מדרש רבא,,1
FALSE,שמות,13012,מדרש רבא,,1
FALSE,ויקרא,13013,מדרש רבא,,1
FALSE,במדבר,13014,מדרש רבא,,1
FALSE,דברים,13015,מדרש רבא,,1
FALSE,מגילות,13016,מדרש רבא,,1
FALSE,בראשית,13017,מדרש תנחומא,,1
FALSE,שמות,13018,מדרש תנחומא,,1
FALSE,ויקרא,13019,מדרש תנחומא,,1
FALSE,במדבר,13020,מדרש תנחומא,,1
FALSE,דברים,13021,מדרש תנחומא,,1
FALSE,בראשית,13022,ילקוט שמעוני,,1
FALSE,שמות,13023,ילקוט שמעוני,,1
FALSE,ויקרא,13024,ילקוט שמעוני,,1
FALSE,במדבר,13025,ילקוט שמעוני,,1
FALSE,דברים,13026,ילקוט שמעוני,,1
FALSE,נביאים,13027,ילקוט שמעוני,,1
FALSE,כתובים,13028,ילקוט שמעוני,,1
FALSE,בתי מדרשות חלק א - ברייתא דמעשה מרכבה,500020,בתי מדרשות,,1
FALSE,בתי מדרשות חלק א - חלום מרדכי ותפלתו ותפלת אסתר,500021,בתי מדרשות,,1
FALSE,בתי מדרשות חלק א - לקוטים ממדרש שוחר טוב כתב יד,500023,בתי מדרשות,,1
FALSE,בתי מדרשות חלק א - מאמר גדולה ענוה,500024,בתי מדרשות,,1
FALSE,בתי מדרשות חלק א - מגלת אנטיוכס בלשון ארמי,500025,בתי מדרשות,,1
FALSE,בתי מדרשות חלק א - מדרש ילמדנו,500029,בתי מדרשות,,1
FALSE,בתי מדרשות חלק א - מדרש כתפוח בעצי היער,500030,בתי מדרשות,,1
FALSE,בתי מדרשות חלק א - מדרש שני כתובים,500033,בתי מדרשות,,1
FALSE,בתי מדרשות חלק א - משנת מסכת כלה,500036,בתי מדרשות,,1
FALSE,בתי מדרשות חלק א - סדר רבה דבראשית,500037,בתי מדרשות,,1
FALSE,בתי מדרשות חלק א - פרק צדקות,500039,בתי מדרשות,,1
FALSE,בתי מדרשות חלק א - פרקי היכלות רבתי,500040,בתי מדרשות,,1
FALSE,בתי מדרשות חלק א - שלש פסיקתות,500041,בתי מדרשות,,1
FALSE,בתי מדרשות חלק ב - ברייתא דמזלות,500019,בתי מדרשות,,1
FALSE,מדרשות חלק ב - לקוטי מדרשים מכתב יד,500022,בתי מדרשות,,1
FALSE,בתי מדרשות חלק ב - מדרש אותיות רבי עקיבא השלם,500026,בתי מדרשות,,1
FALSE,בתי מדרשות חלק ב - מדרש אלפא ביתות,500027,בתי מדרשות,,1
FALSE,מדרשות חלק ב - מדרש חסרות ויתרות,500028,בתי מדרשות,,1
FALSE,בתי מדרשות חלק ב - מדרש מנין,500031,בתי מדרשות,,1
FALSE,בתי מדרשות חלק ב - מדרש שלשה וארבעה,500032,בתי מדרשות,,1
FALSE,בתי מדרשות חלק ב - מדרש תמורה השלם,500034,בתי מדרשות,,1
FALSE,בתי מדרשות חלק ב - מכילתא,500035,בתי מדרשות,,1
FALSE,בתי מדרשות חלק ב - ספר זרובבל,500038,בתי מדרשות,,1
FALSE,מדרש אבא גוריון,500042,בתי מדרשות,,1
FALSE,חוק לישראל,,לימוד יומי,,
FALSE,חיד''א היומי,,לימוד יומי,,
FALSE,תהילים,,לימוד יומי,,
FALSE,זכרון טוב -מוסר לימי החודש,183,לימוד יומי,,1
FALSE,היום יום - חבד,,לימוד יומי,,
FALSE,תומר דבורה מחולק,500201,לימוד יומי,,1
FALSE,בראשית,,חוק לישראל,,
FALSE,שמות,,חוק לישראל,,
FALSE,ויקרא,,חוק לישראל,,
FALSE,במדבר,,חוק לישראל,,
FALSE,דברים,,חוק לישראל,,
FALSE,פרשת בראשית,5550101,בראשית,,1
FALSE,פרשת נח,5550102,בראשית,,1
FALSE,פרשת לך לך,5550103,בראשית,,1
FALSE,פרשת וירא,5550104,בראשית,,1
FALSE,פרשת חיי שרה,5550105,בראשית,,1
FALSE,פרשת תולדות,5550106,בראשית,,1
FALSE,פרשת ויצא,5550107,בראשית,,1
FALSE,פרשת וישלח,5550108,בראשית,,1
FALSE,פרשת וישב,5550109,בראשית,,1
FALSE,פרשת מקץ,5550110,בראשית,,1
FALSE,פרשת ויגש,5550111,בראשית,,1
FALSE,פרשת ויחי,5550112,בראשית,,1
FALSE,פרשת שמות,5550201,שמות,,1
FALSE,פרשת וארא,5550202,שמות,,1
FALSE,פרשת בא,5550203,שמות,,1
FALSE,פרשת בשלח,5550204,שמות,,1
FALSE,פרשת יתרו,5550205,שמות,,1
FALSE,פרשת משפטים,5550206,שמות,,1
FALSE,פרשת תרומה,5550207,שמות,,1
FALSE,פרשת תצוה,5550208,שמות,,1
FALSE,פרשת כי תשא,5550209,שמות,,1
FALSE,פרשת ויקהל,5550210,שמות,,1
FALSE,פרשת פקודי,5550211,שמות,,1
FALSE,פרשת ויקרא,5550301,ויקרא,,1
FALSE,פרשת צו,5550302,ויקרא,,1
FALSE,פרשת שמיני,5550303,ויקרא,,1
FALSE,פרשת תזריע,5550304,ויקרא,,1
FALSE,פרשת מצורע,5550305,ויקרא,,1
FALSE,פרשת אחרי מות,5550306,ויקרא,,1
FALSE,פרשת קדושים,5550307,ויקרא,,1
FALSE,פרשת אמור,5550308,ויקרא,,1
FALSE,פרשת בהר,5550309,ויקרא,,1
FALSE,פרשת בחוקותי,5550310,ויקרא,,1
FALSE,פרשת במדבר,5550401,במדבר,,1
FALSE,פרשת נשא,5550402,במדבר,,1
FALSE,פרשת בהעלותך,5550403,במדבר,,1
FALSE,פרשת שלח,5550404,במדבר,,1
FALSE,פרשת קורח,5550405,במדבר,,1
FALSE,פרשת חוקת,5550406,במדבר,,1
FALSE,פרשת בלק,5550407,במדבר,,1
FALSE,פרשת פינחס,5550408,במדבר,,1
FALSE,פרשת מטות,5550409,במדבר,,1
FALSE,פרשת מסעי,5550410,במדבר,,1
FALSE,פרשת דברים,5550501,דברים,,1
FALSE,פרשת ואתחנן,5550502,דברים,,1
FALSE,פרשת עקב,5550503,דברים,,1
FALSE,פרשת ראה,5550504,דברים,,1
FALSE,פרשת שופטים,5550505,דברים,,1
FALSE,פרשת כי תצא,5550506,דברים,,1
FALSE,פרשת כי תבוא,5550507,דברים,,1
FALSE,פרשת נצבים,5550508,דברים,,1
FALSE,פרשת וילך,5550509,דברים,,1
FALSE,פרשת האזינו,5550510,דברים,,1
FALSE,פרשת וזאת הברכה,5550511,דברים,,1
FALSE,חֻמָּשׁ בְּרֵאשִׁית,,חיד''א היומי,,
FALSE,חֻמָּשׁ שְׁמוֹת,,חיד''א היומי,,
FALSE,חֻמָּשׁ וַיִּקְרָא,,חיד''א היומי,,
FALSE,חֻמָּשׁ בַּמִּדְבָּר,,חיד''א היומי,,
FALSE,חֻמָּשׁ דְּבָרִים,,חיד''א היומי,,
FALSE,פָּרָשַׁת בְּרֵאשִׁית,811001,חֻמָּשׁ בְּרֵאשִׁית,,1
FALSE,פָּרָשַׁת נֹחַ,811002,חֻמָּשׁ בְּרֵאשִׁית,,1
FALSE,פָּרָשַׁת לֵךְ לְךָ,811003,חֻמָּשׁ בְּרֵאשִׁית,,1
FALSE,פָּרָשַׁת וַיֵּרָא,811004,חֻמָּשׁ בְּרֵאשִׁית,,1
FALSE,פָּרָשַׁת חַיֵּי שָׂרָה,811005,חֻמָּשׁ בְּרֵאשִׁית,,1
FALSE,פָּרָשַׁת תּוֹלְדוֹת,811006,חֻמָּשׁ בְּרֵאשִׁית,,1
FALSE,פָּרָשַׁת וַיֵּצֵא,811007,חֻמָּשׁ בְּרֵאשִׁית,,1
FALSE,פָּרָשַׁת וַיִשְׁלַח,811008,חֻמָּשׁ בְּרֵאשִׁית,,1
FALSE,פָּרָשַׁת וַיֵּשֶׁב,811009,חֻמָּשׁ בְּרֵאשִׁית,,1
FALSE,פָּרָשַׁת מִקֵּץ,811010,חֻמָּשׁ בְּרֵאשִׁית,,1
FALSE,פָּרָשַׁת וַיִּגַּשׁ,811011,חֻמָּשׁ בְּרֵאשִׁית,,1
FALSE,פָּרָשַׁת וַיְחִי,811012,חֻמָּשׁ בְּרֵאשִׁית,,1
FALSE,פָּרָשַׁת שְׁמוֹת,811013,חֻמָּשׁ שְׁמוֹת,,1
FALSE,פָּרָשַׁת וָאֵרָא,811014,חֻמָּשׁ שְׁמוֹת,,1
FALSE,פָּרָשַׁת בֹּא,811015,חֻמָּשׁ שְׁמוֹת,,1
FALSE,פָּרָשַׁת בְּשַׁלַח,811016,חֻמָּשׁ שְׁמוֹת,,1
FALSE,פָּרָשַׁת יִתְרוֹ,811017,חֻמָּשׁ שְׁמוֹת,,1
FALSE,פָּרָשַׁת מִשְׁפָּטִים,811018,חֻמָּשׁ שְׁמוֹת,,1
FALSE,פָּרָשַׁת תְּרוּמָה,811019,חֻמָּשׁ שְׁמוֹת,,1
FALSE,פָּרָשַׁת תְּצַוֶּה,811020,חֻמָּשׁ שְׁמוֹת,,1
FALSE,פָּרָשַׁת כִּי תִּשָּׂא,811021,חֻמָּשׁ שְׁמוֹת,,1
FALSE,פָּרָשַׁת ויקהל,811054,חֻמָּשׁ שְׁמוֹת,,1
FALSE,פָּרָשַׁת פְּקוּדֵי,811022,חֻמָּשׁ שְׁמוֹת,,1
FALSE,פָּרַשַׁת וַיִּקְרָא,811023,חֻמָּשׁ וַיִּקְרָא,,1
FALSE,פָּרַשַׁת צַו,811024,חֻמָּשׁ וַיִּקְרָא,,1
FALSE,פָּרַשַׁת שְׁמִינִי,811025,חֻמָּשׁ וַיִּקְרָא,,1
FALSE,פָּרַשַׁת תַּזְרִיעַ,811026,חֻמָּשׁ וַיִּקְרָא,,1
FALSE,פָּרַשַׁת מְצוֹרָע,811027,חֻמָּשׁ וַיִּקְרָא,,1
FALSE,פָּרַשַׁת אַחֲרֵי מוֹת,811028,חֻמָּשׁ וַיִּקְרָא,,1
FALSE,פָּרַשַׁת קְדוֹשִׁים,811029,חֻמָּשׁ וַיִּקְרָא,,1
FALSE,פָּרַשַׁת אֱמוֹר,811030,חֻמָּשׁ וַיִּקְרָא,,1
FALSE,פָּרַשַׁת בְּהַר,811031,חֻמָּשׁ וַיִּקְרָא,,1
FALSE,פָּרַשַׁת בְּחֻקֹּתַי,811032,חֻמָּשׁ וַיִּקְרָא,,1
FALSE,פָּרַשַׁת בַּמִּדְבָּר,811033,חֻמָּשׁ בַּמִּדְבָּר,,1
FALSE,פָּרַשַׁת נָשׂא,811034,חֻמָּשׁ בַּמִּדְבָּר,,1
FALSE,פָּרַשַׁת בְּהַעֲלוֹתְךָ,811035,חֻמָּשׁ בַּמִּדְבָּר,,1
FALSE,פָּרַשַׁת שְׁלַח,811036,חֻמָּשׁ בַּמִּדְבָּר,,1
FALSE,פָּרַשַׁת קֹרַח,811037,חֻמָּשׁ בַּמִּדְבָּר,,1
FALSE,פָּרַשַׁת חֻקַּת,811038,חֻמָּשׁ בַּמִּדְבָּר,,1
FALSE,פָּרַשַׁת בָּלָק,811039,חֻמָּשׁ בַּמִּדְבָּר,,1
FALSE,פָּרַשַׁת פִּינְחָס,811040,חֻמָּשׁ בַּמִּדְבָּר,,1
FALSE,פָּרַשַׁת מַטּוֹת,811041,חֻמָּשׁ בַּמִּדְבָּר,,1
FALSE,פָּרַשַׁת מַסְעֵי,811042,חֻמָּשׁ בַּמִּדְבָּר,,1
FALSE,פָּרַשַׁת דְּבָרִים,811043,חֻמָּשׁ דְּבָרִים,,1
FALSE,פָּרַשַׁת וָאֶתְחַנַּן,811044,חֻמָּשׁ דְּבָרִים,,1
FALSE,פָּרַשַׁת עֵקֶב,811045,חֻמָּשׁ דְּבָרִים,,1
FALSE,פָּרַשַׁת רְאֵה,811046,חֻמָּשׁ דְּבָרִים,,1
FALSE,פָּרַשַׁת שׁוֹפְטִים,811047,חֻמָּשׁ דְּבָרִים,,1
FALSE,פָּרַשַׁת כִּי תֵּצֵא,811048,חֻמָּשׁ דְּבָרִים,,1
FALSE,פָּרַשַׁת כִּי תָּבוֹא,811049,חֻמָּשׁ דְּבָרִים,,1
FALSE,פָּרַשַׁת נִצָּבִים,811050,חֻמָּשׁ דְּבָרִים,,1
FALSE,פָּרַשַׁת וַיֵּלֶךְ,811051,חֻמָּשׁ דְּבָרִים,,1
FALSE,פָּרַשַׁת הַאֲזִינוּ,811052,חֻמָּשׁ דְּבָרִים,,1
FALSE,פָּרַשַׁת וְזֹאת הַבְּרָכָה,811053,חֻמָּשׁ דְּבָרִים,,1
FALSE,תהלים חודשי,51,תהילים,,31
FALSE,תהלים שבועי,52,תהילים,,7
FALSE,תשרי,16401,היום יום - חבד,,1
FALSE,חשון,16402,היום יום - חבד,,1
FALSE,כסלו,16403,היום יום - חבד,,1
FALSE,טבת,16404,היום יום - חבד,,1
FALSE,שבט,16405,היום יום - חבד,,1
FALSE,אדר א',16406,היום יום - חבד,,1
FALSE,אדר ב,16407,היום יום - חבד,,1
FALSE,ניסן,16408,היום יום - חבד,,1
FALSE,אייר,16409,היום יום - חבד,,1
FALSE,סיון,16410,היום יום - חבד,,1
FALSE,תמוז,16411,היום יום - חבד,,1
FALSE,מנחם אב,16412,היום יום - חבד,,1
FALSE,אלול,16413,היום יום - חבד,,1
FALSE,רמב''ם,,הלכה,,
FALSE,טור,,הלכה,,
FALSE,שולחן ערוך,,הלכה,,
FALSE,ערוך השולחן - אורח חיים,,הלכה,,
FALSE,שולחן ערוך הרב,,הלכה,,
FALSE,קיצור שולחן ערוך,,הלכה,,
FALSE,קיצור ש''ע ילקוט יוסף החדש,,הלכה,,
FALSE,ספר החינוך,,הלכה,,
FALSE,פניני הלכה,,הלכה,,
FALSE,טהרה - נשים,,הלכה,,
FALSE,שונות,,הלכה,,
FALSE,שו''ת איגרות משה,,הלכה,,
FALSE,ספר החינוך,500113,הלכה,,1
FALSE,קיצור ספר חרדים רבי אלעזר אזכרי,500114,הלכה,,1
FALSE,ספר המצוות,3502,רמב''ם,,1
FALSE,משנה תורה,,רמב''ם,,
FALSE,הקדמה,3501,משנה תורה,,1
FALSE,ספר המדע,,משנה תורה,,
FALSE,ספר אהבה,,משנה תורה,,
FALSE,ספר זמנים,,משנה תורה,,
FALSE,ספר נשים,,משנה תורה,,
FALSE,ספר קדושה,,משנה תורה,,
FALSE,ספר הפלאה,,משנה תורה,,
FALSE,ספר זרעים,,משנה תורה,,
FALSE,ספר עבודה,,משנה תורה,,
FALSE,ספר הקרבנות,,משנה תורה,,
FALSE,ספר טהרה,,משנה תורה,,
FALSE,ספר נזיקין,,משנה תורה,,
FALSE,ספר קנין,,משנה תורה,,
FALSE,ספר משפטים,,משנה תורה,,
FALSE,ספר שופטים,,משנה תורה,,
FALSE,הלכות יסודי התורה,350301,ספר המדע,,1
FALSE,הלכות דעות,350302,ספר המדע,,1
FALSE,הלכות תלמוד תורה,350303,ספר המדע,,1
FALSE,הלכות עבודת כוכבים וחקותיהם,350304,ספר המדע,,1
FALSE,הלכות תשובה,350305,ספר המדע,,1
FALSE,הלכות קריאת שמע,350401,ספר אהבה,,1
FALSE,הלכות תפלה,350402,ספר אהבה,,1
FALSE,הלכות תפילין ומזוזה וספר תורה,350403,ספר אהבה,,1
FALSE,הלכות ציצית,350404,ספר אהבה,,1
FALSE,הלכות ברכות,350405,ספר אהבה,,1
FALSE,הלכות מילה,350406,ספר אהבה,,1
FALSE,סדר תפלות כל השנה,350407,ספר אהבה,,1
FALSE,הלכות שבת,350501,ספר זמנים,,1
FALSE,הלכות עירובין,350502,ספר זמנים,,1
FALSE,הלכות שביתת עשור,350503,ספר זמנים,,1
FALSE,הלכות שביתת יום טוב,350504,ספר זמנים,,1
FALSE,הלכות חמץ ומצה,350505,ספר זמנים,,1
FALSE,הלכות שופר וסוכה ולולב,350506,ספר זמנים,,1
FALSE,הלכות שקלים,350507,ספר זמנים,,1
FALSE,הלכות קדוש החדש,350508,ספר זמנים,,1
FALSE,הלכות תענית,350509,ספר זמנים,,1
FALSE,הלכות מגילה וחנוכה,350510,ספר זמנים,,1
FALSE,הלכות אישות,350601,ספר נשים,,1
FALSE,הלכות גירושין,350602,ספר נשים,,1
FALSE,הלכות יבום וחליצה,350603,ספר נשים,,1
FALSE,הלכות נערה בתולה,350604,ספר נשים,,1
FALSE,הלכות סוטה,350605,ספר נשים,,1
FALSE,הלכות איסורי ביאה,350701,ספר קדושה,,1
FALSE,הלכות מאכלות אסורות,350702,ספר קדושה,,1
FALSE,הלכות שחיטה,350703,ספר קדושה,,1
FALSE,הלכות שבועות,350801,ספר הפלאה,,1
FALSE,הלכות נדרים,350802,ספר הפלאה,,1
FALSE,הלכות נזירות,350803,ספר הפלאה,,1
FALSE,הלכות ערכין וחרמין,350804,ספר הפלאה,,1
FALSE,הלכות כלאים,350901,ספר זרעים,,1
FALSE,הלכות מתנות עניים,350902,ספר זרעים,,1
FALSE,הלכות תרומות,350903,ספר זרעים,,1
FALSE,הלכות מעשר,350904,ספר זרעים,,1
FALSE,הלכות מעשר שני ונטע רבעי,350905,ספר זרעים,,1
FALSE,הלכות בכורים,350906,ספר זרעים,,1
FALSE,הלכות שמיטה ויובל,350907,ספר זרעים,,1
FALSE,הלכות בית הבחירה,351001,ספר עבודה,,1
FALSE,הלכות כלי המקדש והעובדים בו,351002,ספר עבודה,,1
FALSE,הלכות ביאת המקדש,351003,ספר עבודה,,1
FALSE,הלכות איסורי מזבח,351004,ספר עבודה,,1
FALSE,הלכות מעשה הקרבנות,351005,ספר עבודה,,1
FALSE,הלכות תמידין ומוספין,351006,ספר עבודה,,1
FALSE,הלכות פסולי המוקדשין,351007,ספר עבודה,,1
FALSE,הלכות עבודת יום הכפורים,351008,ספר עבודה,,1
FALSE,הלכות מעילה,351009,ספר עבודה,,1
FALSE,הלכות קרבן פסח,351101,ספר הקרבנות,,1
FALSE,הלכות חגיגה,351102,ספר הקרבנות,,1
FALSE,הלכות בכורות,351103,ספר הקרבנות,,1
FALSE,הלכות שגגות,351104,ספר הקרבנות,,1
FALSE,הלכות מחוסרי כפרה,351105,ספר הקרבנות,,1
FALSE,הלכות תמורה,351106,ספר הקרבנות,,1
FALSE,הלכות טומאת מת,351201,ספר טהרה,,1
FALSE,הלכות פרה אדומה,351202,ספר טהרה,,1
FALSE,הלכות טומאת צרעת,351203,ספר טהרה,,1
FALSE,הלכות מטמאי משכב ומושב,351204,ספר טהרה,,1
FALSE,הלכות שאר אבות הטומאות,351205,ספר טהרה,,1
FALSE,הלכות טומאת אוכלין,351206,ספר טהרה,,1
FALSE,הלכות כלים,351207,ספר טהרה,,1
FALSE,הלכות מקואות,351208,ספר טהרה,,1
FALSE,הלכות נזקי ממון,351301,ספר נזיקין,,1
FALSE,הלכות גניבה,351302,ספר נזיקין,,1
FALSE,הלכות גזלה ואבדה,351303,ספר נזיקין,,1
FALSE,הלכות חובל ומזיק,351304,ספר נזיקין,,1
FALSE,הלכות רוצח ושמירת נפש,351305,ספר נזיקין,,1
FALSE,הלכות מכירה,351401,ספר קנין,,1
FALSE,הלכות זכיה ומתנה,351402,ספר קנין,,1
FALSE,הלכות שכנים,351403,ספר קנין,,1
FALSE,הלכות שלוחין ושותפים,351404,ספר קנין,,1
FALSE,הלכות עבדים,351405,ספר קנין,,1
FALSE,הלכות שכירות,351501,ספר משפטים,,1
FALSE,הלכות שאלה ופקדון,351502,ספר משפטים,,1
FALSE,הלכות מלוה ולוה,351503,ספר משפטים,,1
FALSE,הלכות טוען ונטען,351504,ספר משפטים,,1
FALSE,הלכות נחלות,351505,ספר משפטים,,1
FALSE,הלכות סנהדרין,351601,ספר שופטים,,1
FALSE,הלכות עדות,351602,ספר שופטים,,1
FALSE,הלכות ממרים,351603,ספר שופטים,,1
FALSE,הלכות אבל,351604,ספר שופטים,,1
FALSE,הלכות מלכים ומלחמותיהם,351605,ספר שופטים,,1
FALSE,טור אורח חיים,141,טור,,1
FALSE,שלחן ערוך - אורח חיים,,שולחן ערוך,,
FALSE,שלחן ערוך - יורה דעה,,שולחן ערוך,,
FALSE,שלחן ערוך חשן משפט,,שולחן ערוך,,
FALSE,שלחן ערוך - אבן העזר,,שולחן ערוך,,
FALSE,הלכות הנהגת אדם בבוקר,7001,שלחן ערוך - אורח חיים,,1
FALSE,הלכות ציצית,7002,שלחן ערוך - אורח חיים,,1
FALSE,הלכות תפילין,7003,שלחן ערוך - אורח חיים,,1
FALSE,הלכות ברכת השחר ושאר ברכות,7004,שלחן ערוך - אורח חיים,,1
FALSE,הלכות קריאת שמע,7005,שלחן ערוך - אורח חיים,,1
FALSE,הלכות תפלה,7006,שלחן ערוך - אורח חיים,,1
FALSE,הלכות נשיאת כפים,7007,שלחן ערוך - אורח חיים,,1
FALSE,הלכות נפילת אפים,7008,שלחן ערוך - אורח חיים,,1
FALSE,הלכות קריאת ספר תורה,7009,שלחן ערוך - אורח חיים,,1
FALSE,הלכות בית הכנסת,7010,שלחן ערוך - אורח חיים,,1
FALSE,הלכות משא ומתן,7011,שלחן ערוך - אורח חיים,,1
FALSE,הלכות נטילת ידים,7012,שלחן ערוך - אורח חיים,,1
FALSE,הלכות בציעת הפת,7013,שלחן ערוך - אורח חיים,,1
FALSE,הלכות דברים הנוהגים בסעודה,7014,שלחן ערוך - אורח חיים,,1
FALSE,הלכות מים אחרונים,7015,שלחן ערוך - אורח חיים,,1
FALSE,הלכות ברכת המזון,7016,שלחן ערוך - אורח חיים,,1
FALSE,הלכות ברכת הפירות,7017,שלחן ערוך - אורח חיים,,1
FALSE,הלכות ברכת הבשמים,7018,שלחן ערוך - אורח חיים,,1
FALSE,הלכות ברכת הנסים,7019,שלחן ערוך - אורח חיים,,1
FALSE,הלכות ברכות הודאות,7020,שלחן ערוך - אורח חיים,,1
FALSE,הלכות ברכות,7021,שלחן ערוך - אורח חיים,,1
FALSE,הלכות תפלת המנחה,7022,שלחן ערוך - אורח חיים,,1
FALSE,"הלכות קריאת שמע, ותפלה של ערבית",7023,שלחן ערוך - אורח חיים,,1
FALSE,הלכות צניעות,7024,שלחן ערוך - אורח חיים,,1
FALSE,הלכות שבת,7025,שלחן ערוך - אורח חיים,,1
FALSE,הלכות תחומין,7026,שלחן ערוך - אורח חיים,,1
FALSE,הלכות עירובי תחומין,7027,שלחן ערוך - אורח חיים,,1
FALSE,הלכות ראש חודש,7028,שלחן ערוך - אורח חיים,,1
FALSE,הלכות פסח,7029,שלחן ערוך - אורח חיים,,1
FALSE,הלכות יום טוב,7030,שלחן ערוך - אורח חיים,,1
FALSE,הלכות חול המועד,7031,שלחן ערוך - אורח חיים,,1
FALSE,הלכות תשעה באב ושאר תעניות,7032,שלחן ערוך - אורח חיים,,1
FALSE,הלכות תענית,7033,שלחן ערוך - אורח חיים,,1
FALSE,הלכות ראש השנה,7034,שלחן ערוך - אורח חיים,,1
FALSE,הלכות יום הכיפורים,7035,שלחן ערוך - אורח חיים,,1
FALSE,הלכות סוכה,7036,שלחן ערוך - אורח חיים,,1
FALSE,הלכות לולב,7037,שלחן ערוך - אורח חיים,,1
FALSE,הלכות חנוכה,7038,שלחן ערוך - אורח חיים,,1
FALSE,הלכות מגילה ופורים,7039,שלחן ערוך - אורח חיים,,1
FALSE,הלכות שחיטה,7301,שלחן ערוך - יורה דעה,,1
FALSE,הלכות טריפות,7302,שלחן ערוך - יורה דעה,,1
FALSE,הלכות מתנות כהונה,7303,שלחן ערוך - יורה דעה,,1
FALSE,הלכות אבר מן החי,7304,שלחן ערוך - יורה דעה,,1
FALSE,הלכות בשר שנתעלם מן העין,7305,שלחן ערוך - יורה דעה,,1
FALSE,הלכות חלב,7306,שלחן ערוך - יורה דעה,,1
FALSE,הלכות דם,7307,שלחן ערוך - יורה דעה,,1
FALSE,הלכות מליחה,7308,שלחן ערוך - יורה דעה,,1
FALSE,סימני בהמה וחיה טהורה,7309,שלחן ערוך - יורה דעה,,1
FALSE,דיני דברים היוצאים מן החי,7310,שלחן ערוך - יורה דעה,,1
FALSE,דיני עוף טהור,7311,שלחן ערוך - יורה דעה,,1
FALSE,דיני דגים,7312,שלחן ערוך - יורה דעה,,1
FALSE,דיני תולעים,7313,שלחן ערוך - יורה דעה,,1
FALSE,הלכות ביצים,7314,שלחן ערוך - יורה דעה,,1
FALSE,הלכות בשר בחלב,7315,שלחן ערוך - יורה דעה,,1
FALSE,הלכות תערובות,7316,שלחן ערוך - יורה דעה,,1
FALSE,דיני פת ושלקות וחלב וגבינה של עובדי כוכבים,7317,שלחן ערוך - יורה דעה,,1
FALSE,הלכות הכשר כלים,7318,שלחן ערוך - יורה דעה,,1
FALSE,הלכות נותן טעם לפגם,7319,שלחן ערוך - יורה דעה,,1
FALSE,הלכות יין נסך,7320,שלחן ערוך - יורה דעה,,1
FALSE,הלכות כלי היין,7321,שלחן ערוך - יורה דעה,,1
FALSE,הלכות עבודת כוכבים,7322,שלחן ערוך - יורה דעה,,1
FALSE,הלכות רבית,7323,שלחן ערוך - יורה דעה,,1
FALSE,הלכות חקות העובדי כוכבים,7324,שלחן ערוך - יורה דעה,,1
FALSE,הלכות מעונן ומכשף,7325,שלחן ערוך - יורה דעה,,1
FALSE,הלכות כתובת קעקע וקריחה,7326,שלחן ערוך - יורה דעה,,1
FALSE,הלכות גילוח,7327,שלחן ערוך - יורה דעה,,1
FALSE,הלכות לא ילבש גבר וכו',7328,שלחן ערוך - יורה דעה,,1
FALSE,הלכות טהרה,7329,שלחן ערוך - יורה דעה,,1
FALSE,הלכות מקואות,7330,שלחן ערוך - יורה דעה,,1
FALSE,הלכות נדרים,7331,שלחן ערוך - יורה דעה,,1
FALSE,הלכות שבועות,7332,שלחן ערוך - יורה דעה,,1
FALSE,הלכות כבוד אב ואם,7333,שלחן ערוך - יורה דעה,,1
FALSE,הלכות כבוד רבו ות'ח,7334,שלחן ערוך - יורה דעה,,1
FALSE,הלכות כבוד תלמיד חכם,7335,שלחן ערוך - יורה דעה,,1
FALSE,הלכות מלמדים,7336,שלחן ערוך - יורה דעה,,1
FALSE,הלכות תלמוד תורה,7337,שלחן ערוך - יורה דעה,,1
FALSE,הלכות צדקה,7338,שלחן ערוך - יורה דעה,,1
FALSE,הלכות מילה,7339,שלחן ערוך - יורה דעה,,1
FALSE,הלכות עבדים,7340,שלחן ערוך - יורה דעה,,1
FALSE,הלכות גרים,7341,שלחן ערוך - יורה דעה,,1
FALSE,הלכות ספר תורה,7342,שלחן ערוך - יורה דעה,,1
FALSE,הלכות מזוזה,7343,שלחן ערוך - יורה דעה,,1
FALSE,הלכות שלוח הקן,7344,שלחן ערוך - יורה דעה,,1
FALSE,הלכות חדש,7345,שלחן ערוך - יורה דעה,,1
FALSE,הלכות ערלה,7346,שלחן ערוך - יורה דעה,,1
FALSE,הלכות כלאי אילן,7347,שלחן ערוך - יורה דעה,,1
FALSE,הלכות כלאי הכרם,7348,שלחן ערוך - יורה דעה,,1
FALSE,הלכות כלאי זרעים,7349,שלחן ערוך - יורה דעה,,1
FALSE,הלכות כלאי בהמה,7350,שלחן ערוך - יורה דעה,,1
FALSE,הלכות כלאי בגדים,7351,שלחן ערוך - יורה דעה,,1
FALSE,הלכות פדיון בכור,7352,שלחן ערוך - יורה דעה,,1
FALSE,הלכות בכור בהמה טהורה,7353,שלחן ערוך - יורה דעה,,1
FALSE,הלכות פטר חמור,7354,שלחן ערוך - יורה דעה,,1
FALSE,הלכות חלה,7355,שלחן ערוך - יורה דעה,,1
FALSE,הלכות תרומות ומעשרות ומתנות עניים וראשית הגז,7356,שלחן ערוך - יורה דעה,,1
FALSE,הלכות נידוי וחרם,7357,שלחן ערוך - יורה דעה,,1
FALSE,הלכות ביקור חולים ורפואה ונוטה למות וגוסס,7358,שלחן ערוך - יורה דעה,,1
FALSE,הלכות קריעה,7359,שלחן ערוך - יורה דעה,,1
FALSE,הלכות אנינות,7360,שלחן ערוך - יורה דעה,,1
FALSE,הלכות אבילות,7361,שלחן ערוך - יורה דעה,,1
FALSE,הלכות דיינים,7401,שלחן ערוך חשן משפט,,1
FALSE,הלכות עדות,7402,שלחן ערוך חשן משפט,,1
FALSE,הלכות הלוואה,7403,שלחן ערוך חשן משפט,,1
FALSE,הלכות טוען ונטען,7404,שלחן ערוך חשן משפט,,1
FALSE,הלכות גביית מלוה,7405,שלחן ערוך חשן משפט,,1
FALSE,הלכות גביית חוב מהיתומים,7406,שלחן ערוך חשן משפט,,1
FALSE,הלכות גביית חוב מנכסים משועבדים,7407,שלחן ערוך חשן משפט,,1
FALSE,הלכות אפותיקי,7408,שלחן ערוך חשן משפט,,1
FALSE,הלכות העושה שליח לגבות חוב,7409,שלחן ערוך חשן משפט,,1
FALSE,הלכות הרשאה,7410,שלחן ערוך חשן משפט,,1
FALSE,הלכות ערב,7411,שלחן ערוך חשן משפט,,1
FALSE,הלכות חזקת מטלטלין,7412,שלחן ערוך חשן משפט,,1
FALSE,הלכות חזקת קרקעות,7413,שלחן ערוך חשן משפט,,1
FALSE,הלכות נזקי שכנים,7414,שלחן ערוך חשן משפט,,1
FALSE,הלכות שותפים בקרקע,7415,שלחן ערוך חשן משפט,,1
FALSE,הלכות חלוקת שותפות,7416,שלחן ערוך חשן משפט,,1
FALSE,הלכות מצרנות,7417,שלחן ערוך חשן משפט,,1
FALSE,הלכות שותפים,7418,שלחן ערוך חשן משפט,,1
FALSE,הלכות שלוחין,7419,שלחן ערוך חשן משפט,,1
FALSE,הלכות מקח וממכר,7420,שלחן ערוך חשן משפט,,1
FALSE,הלכות אונאה ומקח טעות,7421,שלחן ערוך חשן משפט,,1
FALSE,הלכות מתנה,7422,שלחן ערוך חשן משפט,,1
FALSE,הלכות מתנת שכיב מרע,7423,שלחן ערוך חשן משפט,,1
FALSE,הלכות אבידה ומציאה,7424,שלחן ערוך חשן משפט,,1
FALSE,הלכות פריקה וטעינה ודין הולכי דרכים,7425,שלחן ערוך חשן משפט,,1
FALSE,הלכות הפקר ונכסי הגר,7426,שלחן ערוך חשן משפט,,1
FALSE,הלכות נחלות,7427,שלחן ערוך חשן משפט,,1
FALSE,הלכות אפוטרופוס,7428,שלחן ערוך חשן משפט,,1
FALSE,הלכות פקדון,7429,שלחן ערוך חשן משפט,,1
FALSE,הלכות שומר שכר,7430,שלחן ערוך חשן משפט,,1
FALSE,הלכות אומנים,7431,שלחן ערוך חשן משפט,,1
FALSE,הלכות שוכר,7432,שלחן ערוך חשן משפט,,1
FALSE,הלכות חכירות וקבלנות,7433,שלחן ערוך חשן משפט,,1
FALSE,הלכות שכירות פועלים,7434,שלחן ערוך חשן משפט,,1
FALSE,הלכות שאלה,7435,שלחן ערוך חשן משפט,,1
FALSE,הלכות גניבה,7436,שלחן ערוך חשן משפט,,1
FALSE,הלכות גזילה,7437,שלחן ערוך חשן משפט,,1
FALSE,הלכות נזיקין,7438,שלחן ערוך חשן משפט,,1
FALSE,הלכות מאבד ממון חבירו בידים ומוסר ומלשין,7439,שלחן ערוך חשן משפט,,1
FALSE,הלכות נזקי ממון,7440,שלחן ערוך חשן משפט,,1
FALSE,הלכות חובל בחבירו,7441,שלחן ערוך חשן משפט,,1
FALSE,הלכות פריה ורביה,7501,שלחן ערוך - אבן העזר,,1
FALSE,הלכות אישות,7502,שלחן ערוך - אבן העזר,,1
FALSE,הלכות קידושין,7503,שלחן ערוך - אבן העזר,,1
FALSE,הלכות כתובות,7504,שלחן ערוך - אבן העזר,,1
FALSE,הלכות גיטין,7505,שלחן ערוך - אבן העזר,,1
FALSE,הלכות מיאון,7506,שלחן ערוך - אבן העזר,,1
FALSE,הלכות יבום,7507,שלחן ערוך - אבן העזר,,1
FALSE,הלכות חליצה,7508,שלחן ערוך - אבן העזר,,1
FALSE,הלכות הנהגת אדם בבוקר,151,ערוך השולחן - אורח חיים,,1
FALSE,הלכות ציצית,152,ערוך השולחן - אורח חיים,,1
FALSE,הלכות תפילין,153,ערוך השולחן - אורח חיים,,1
FALSE,הלכות ברכת השחר ושאר ברכות,154,ערוך השולחן - אורח חיים,,1
FALSE,הלכות קריאת שמע,155,ערוך השולחן - אורח חיים,,1
FALSE,הלכות תפלה,156,ערוך השולחן - אורח חיים,,1
FALSE,הלכות נשיאת כפים,157,ערוך השולחן - אורח חיים,,1
FALSE,הלכות נפילת אפים,158,ערוך השולחן - אורח חיים,,1
FALSE,הלכות קריאת ספר תורה,159,ערוך השולחן - אורח חיים,,1
FALSE,הלכות בית הכנסת,160,ערוך השולחן - אורח חיים,,1
FALSE,הלכות משא ומתן,161,ערוך השולחן - אורח חיים,,1
FALSE,הלכות נטילת ידים,162,ערוך השולחן - אורח חיים,,1
FALSE,הלכות ברכות,163,ערוך השולחן - אורח חיים,,1
FALSE,הלכות שבת,164,ערוך השולחן - אורח חיים,,1
FALSE,הלכות תחומין,165,ערוך השולחן - אורח חיים,,1
FALSE,הלכות עירובי תחומין,166,ערוך השולחן - אורח חיים,,1
FALSE,הלכות ראש חודש,167,ערוך השולחן - אורח חיים,,1
FALSE,הלכות פסח,168,ערוך השולחן - אורח חיים,,1
FALSE,הלכות יום טוב,169,ערוך השולחן - אורח חיים,,1
FALSE,הלכות חול המועד,170,ערוך השולחן - אורח חיים,,1
FALSE,הלכות תשעה באב ושאר תעניות,171,ערוך השולחן - אורח חיים,,1
FALSE,הלכות תענית,172,ערוך השולחן - אורח חיים,,1
FALSE,הלכות ראש השנה,173,ערוך השולחן - אורח חיים,,1
FALSE,הלכות יום הכיפורים,174,ערוך השולחן - אורח חיים,,1
FALSE,הלכות סוכה,175,ערוך השולחן - אורח חיים,,1
FALSE,הלכות לולב,176,ערוך השולחן - אורח חיים,,1
FALSE,הלכות חנוכה,177,ערוך השולחן - אורח חיים,,1
FALSE,הלכות מגילה ופורים,178,ערוך השולחן - אורח חיים,,1
FALSE,אורח חיים חלק א,,שולחן ערוך הרב,,
FALSE,אורח חיים חלק ב,,שולחן ערוך הרב,,
FALSE,אורח חיים חלק ג,,שולחן ערוך הרב,,
FALSE,אורח חיים חלק ד,,שולחן ערוך הרב,,
FALSE,יורה דעה,,שולחן ערוך הרב,,
FALSE,חשן משפט,,שולחן ערוך הרב,,
FALSE,הלכות השכמת הבוקר,7101,אורח חיים חלק א,,1
FALSE,הלכות הנהגת אדם בבקר,7102,אורח חיים חלק א,,1
FALSE,הלכות נטילת ידים,7103,אורח חיים חלק א,,1
FALSE,הלכות ציצית,7104,אורח חיים חלק א,,1
FALSE,הלכות תפילין,7105,אורח חיים חלק א,,1
FALSE,הלכות ברכות השחר,7106,אורח חיים חלק א,,1
FALSE,הלכות קריאת שמע,7107,אורח חיים חלק א,,1
FALSE,הלכות תפלה,7108,אורח חיים חלק א,,1
FALSE,הלכות נשיאת כפים,7109,אורח חיים חלק א,,1
FALSE,הלכות נפילת אפים,7110,אורח חיים חלק א,,1
FALSE,הלכות תלמוד תורה,7111,אורח חיים חלק א,,1
FALSE,הלכות משא ומתן,7112,אורח חיים חלק א,,1
FALSE,הלכות נטילת ידים,7113,אורח חיים חלק א,,1
FALSE,הלכות בציעת הפת,7114,אורח חיים חלק א,,1
FALSE,הלכות ברכות שבסעודה,7115,אורח חיים חלק א,,1
FALSE,הלכות מים אחרונים,7116,אורח חיים חלק א,,1
FALSE,הלכות ברכת המזון,7117,אורח חיים חלק א,,1
FALSE,הלכות ברכת הפירות,7118,אורח חיים חלק א,,1
FALSE,קונטרס אחרון,7146,אורח חיים חלק א,,1
FALSE,הלכות שבת,7119,אורח חיים חלק ב,,1
FALSE,הלכות עירובין,7120,אורח חיים חלק ב,,1
FALSE,קונטרס אחרון,7147,אורח חיים חלק ב,,1
FALSE,הלכות פסח,7121,אורח חיים חלק ג,,1
FALSE,קונטרס אחרון,7148,אורח חיים חלק ג,,1
FALSE,הלכות יום טוב,7122,אורח חיים חלק ד,,1
FALSE,הלכות ראש השנה,7123,אורח חיים חלק ד,,1
FALSE,הלכות יום הכיפורים,7124,אורח חיים חלק ד,,1
FALSE,הלכות סוכה,7125,אורח חיים חלק ד,,1
FALSE,הלכות לולב,7126,אורח חיים חלק ד,,1
FALSE,קונטרס אחרון,7149,אורח חיים חלק ד,,1
FALSE,הלכות שחיטה,7127,יורה דעה,,1
FALSE,הלכות טריפות,7128,יורה דעה,,1
FALSE,הלכות רבית והלכות עיסקא,7129,יורה דעה,,1
FALSE,הלכות נדה,7130,יורה דעה,,1
FALSE,דיני תקוני המקוה ועשייתה,7131,יורה דעה,,1
FALSE,הלכות תלמוד תורה,7132,יורה דעה,,1
FALSE,קונטרס אחרון,7150,יורה דעה,,1
FALSE,הלכות הלואה,7133,חשן משפט,,1
FALSE,הלכות עדות ושטרות ושלישות,7134,חשן משפט,,1
FALSE,הלכות מכירה ומתנה ושליח ואפוטרופוס,7135,חשן משפט,,1
FALSE,הלכות אונאה וגניבת דעת,7136,חשן משפט,,1
FALSE,הלכות מדות ומשקלות והפקעת שערים,7137,חשן משפט,,1
FALSE,הלכות מציאה ופקדון,7138,חשן משפט,,1
FALSE,הלכות עוברי דרכים וצער בעלי חיים,7139,חשן משפט,,1
FALSE,הלכות הפקר והשגת גבול,7140,חשן משפט,,1
FALSE,הלכות גזלה וגנבה,7141,חשן משפט,,1
FALSE,הלכות נזקי ממון,7142,חשן משפט,,1
FALSE,הלכות נזקי גוף ונפש ודיניהם,7143,חשן משפט,,1
FALSE,הלכות שמירת גוף ונפש ובל תשחית,7144,חשן משפט,,1
FALSE,הלכות שאלה ושכירות וחסימה,7145,חשן משפט,,1
FALSE,קונטרס אחרון,7151,חשן משפט,,1
FALSE,שולחן ערוך אורח חיים - בסגנון עכשוי,105,קיצור שולחן ערוך,,1
FALSE,אורח חיים,,קיצור ש''ע ילקוט יוסף החדש,,
FALSE,יורה דעה,,קיצור ש''ע ילקוט יוסף החדש,,
FALSE,חושן משפט,,קיצור ש''ע ילקוט יוסף החדש,,
FALSE,אבן העזר,,קיצור ש''ע ילקוט יוסף החדש,,
FALSE,הלכות הנהגת אדם בבוקר,12601,אורח חיים,,1
FALSE,הלכות ציצית,12602,אורח חיים,,1
FALSE,הלכות תפילין,12603,אורח חיים,,1
FALSE,הלכות ברכות השחר ושאר ברכות,12604,אורח חיים,,1
FALSE,הלכות קריאת שמע,12605,אורח חיים,,1
FALSE,הלכות תפילה,12606,אורח חיים,,1
FALSE,הלכות נשיאת כפים,12607,אורח חיים,,1
FALSE,הלכות קריאת ספר תורה,12608,אורח חיים,,1
FALSE,הלכות בית הכנסת,12609,אורח חיים,,1
FALSE,הלכות נטילת ידים,12610,אורח חיים,,1
FALSE,הלכות בציעת הפת,12611,אורח חיים,,1
FALSE,הלכות דברים הנוהגים בסעודה,12612,אורח חיים,,1
FALSE,הלכות מים אחרונים,12613,אורח חיים,,1
FALSE,הלכות ברכת המזון,12614,אורח חיים,,1
FALSE,הלכות ברכת הפרות,12615,אורח חיים,,1
FALSE,הלכות ברכת הבשמים,12616,אורח חיים,,1
FALSE,הלכות ברכת הניסים,12617,אורח חיים,,1
FALSE,הלכות ברכות הודאות,12618,אורח חיים,,1
FALSE,הלכות ברכות,12619,אורח חיים,,1
FALSE,הלכות תפילות המנחה,12620,אורח חיים,,1
FALSE,הלכות קריאת שמע של ערבית,12621,אורח חיים,,1
FALSE,הלכות שבת,12622,אורח חיים,,1
FALSE,הלכות ראש חודש,12623,אורח חיים,,1
FALSE,הלכות פסח,12624,אורח חיים,,1
FALSE,הלכות יום טוב,12625,אורח חיים,,1
FALSE,הלכות חול המועד,12626,אורח חיים,,1
FALSE,הלכות תשעה באב ושאר תעניות,12627,אורח חיים,,1
FALSE,הלכות ראש השנה,12628,אורח חיים,,1
FALSE,הלכות יום הכיפורים,12629,אורח חיים,,1
FALSE,הלכות סוכה,12630,אורח חיים,,1
FALSE,הלכות לולב,12631,אורח חיים,,1
FALSE,הלכות חנוכה,12632,אורח חיים,,1
FALSE,הלכות ט''ו בשבט,12633,אורח חיים,,1
FALSE,ארבע פרשיות,12634,אורח חיים,,1
FALSE,הלכות פורים,12635,אורח חיים,,1
FALSE,הלכות שחיטה,12701,יורה דעה,,1
FALSE,הלכות טריפות,12702,יורה דעה,,1
FALSE,הלכות דם,12703,יורה דעה,,1
FALSE,הלכות ביצים,12704,יורה דעה,,1
FALSE,הלכות בשר בחלב,12705,יורה דעה,,1
FALSE,הלכות תערובות,12706,יורה דעה,,1
FALSE,הלכות מאכלי עובדי כוכבים,12707,יורה דעה,,1
FALSE,הלכות הכשר כלים,12708,יורה דעה,,1
FALSE,הלכות יין נסך,12709,יורה דעה,,1
FALSE,הלכות עבודת כוכבים,12710,יורה דעה,,1
FALSE,הלכות רבית,12711,יורה דעה,,1
FALSE,הלכות חוקי העובדי כוכבים,12712,יורה דעה,,1
FALSE,הלכות מעונן ומכשף,12713,יורה דעה,,1
FALSE,הלכות גילוח,12714,יורה דעה,,1
FALSE,הלכות לא ילבש גבר שמלת אשה,12715,יורה דעה,,1
FALSE,הלכות נדרים,12716,יורה דעה,,1
FALSE,הלכות כבוד אב ואם,12717,יורה דעה,,1
FALSE,הלכות כבוד רבו ות''ח,12718,יורה דעה,,1
FALSE,הלכות מלמדים,12719,יורה דעה,,1
FALSE,הלכות צדקה,12720,יורה דעה,,1
FALSE,הלכות מילה,12721,יורה דעה,,1
FALSE,הלכות מזוזה (ומעקה),12722,יורה דעה,,1
FALSE,הלכות ערלה,12723,יורה דעה,,1
FALSE,הלכות כלאים,12724,יורה דעה,,1
FALSE,הלכות כלאי בגדים,12725,יורה דעה,,1
FALSE,הלכות פדיון בכור,12726,יורה דעה,,1
FALSE,הלכות חלה,12727,יורה דעה,,1
FALSE,הלכות תרומות (ושמיטה),12728,יורה דעה,,1
FALSE,הלכות ביקור חולים,12729,יורה דעה,,1
FALSE,הלכות אבלות,12730,יורה דעה,,1
FALSE,הלכות דיינים,12801,חושן משפט,,1
FALSE,הלכות עדות,12802,חושן משפט,,1
FALSE,הלכות הלוואות,12803,חושן משפט,,1
FALSE,הלכות טוען ונטען,12804,חושן משפט,,1
FALSE,דיני גורל,12805,חושן משפט,,1
FALSE,דיני מקח וממכר,12806,חושן משפט,,1
FALSE,הלכות אונאה שאלה ופקדון,12807,חושן משפט,,1
FALSE,הלכות שלוחין,12808,חושן משפט,,1
FALSE,מהלכות מתנה,12809,חושן משפט,,1
FALSE,הלכות אבידה ומציאה,12810,חושן משפט,,1
FALSE,הלכות פריקה וטעינה,12811,חושן משפט,,1
FALSE,הלכות נחלות - ירושה,12812,חושן משפט,,1
FALSE,הלכות גניבה וגזילה,12813,חושן משפט,,1
FALSE,הלכות שמירת הנפש,12814,חושן משפט,,1
FALSE,עוד בעניני חושן משפט,12815,חושן משפט,,1
FALSE,נישואין ושידוכים,12901,אבן העזר,,1
FALSE,הלכות אישות,12902,אבן העזר,,1
FALSE,הלכות קידושין,12903,אבן העזר,,1
FALSE,דיני כתובות,12904,אבן העזר,,1
FALSE,הלכות גיטין,12905,אבן העזר,,1
FALSE,הלכות חליצה ויבום,12906,אבן העזר,,1
FALSE,הקדמה,1151,ספר החינוך,,1
FALSE,בראשית,1152,ספר החינוך,,1
FALSE,שמות,1153,ספר החינוך,,1
FALSE,ויקרא,1154,ספר החינוך,,1
FALSE,במדבר,1155,ספר החינוך,,1
FALSE,דברים,1156,ספר החינוך,,1
FALSE,ליקוטים א',508,פניני הלכה,,1
FALSE,ליקוטים ב',509,פניני הלכה,,1
FALSE,ליקוטים ג' ומשפחה,510,פניני הלכה,,1
FALSE,זמנים,503,פניני הלכה,,1
FALSE,שבת,507,פניני הלכה,,1
FALSE,העם והארץ,505,פניני הלכה,,1
FALSE,תפילת נשים,506,פניני הלכה,,1
FALSE,תפילה,501,פניני הלכה,,1
FALSE,פסח,502,פניני הלכה,,1
FALSE,ברכות,504,פניני הלכה,,1
FALSE,מועדים,511,פניני הלכה,,1
FALSE,סוכות,512,פניני הלכה,,1
FALSE,ימים נוראים,513,פניני הלכה,,1
FALSE,סֵפֶר דַּרְכֵי טָהֳרָה,,טהרה - נשים,,
FALSE,שער הזהב לטהרה,,טהרה - נשים,,
FALSE,נשואין ואישות,,טהרה - נשים,,
FALSE,טהרה הריון ולידה כהלכה,,טהרה - נשים,,
FALSE,חֵלֶק א - דִּינֵי נִדָּה,10001,סֵפֶר דַּרְכֵי טָהֳרָה,,1
FALSE,חֵלֶק ב - דִּינֵי טָהֳרַת נִדָּה,10002,סֵפֶר דַּרְכֵי טָהֳרָה,,1
FALSE,חֵלֶק ג - הִלְכוֹת צְנִיעוּת,10003,סֵפֶר דַּרְכֵי טָהֳרָה,,1
FALSE,סימן א - השלבים בטהרה,,שער הזהב לטהרה,,
FALSE,סימן ב' סוגי וסתות,7208,שער הזהב לטהרה,,1
FALSE,סימן ג' ימי הפרישה,7209,שער הזהב לטהרה,,1
FALSE,סימן ד' - כתמים,7210,שער הזהב לטהרה,,1
FALSE,סימן ה' - כלה,7211,שער הזהב לטהרה,,1
FALSE,סימן ו' - הלכות למעוברת,7212,שער הזהב לטהרה,,1
FALSE,סימן ז' - הלכות ליולדת,7213,שער הזהב לטהרה,,1
FALSE,סימן ח' - הלכות למינקת,7214,שער הזהב לטהרה,,1
FALSE,סימן ט' - הלכות למפלת,7215,שער הזהב לטהרה,,1
FALSE,סימן י' - הלכות לזקנה,7216,שער הזהב לטהרה,,1
FALSE,סימן יא' - מעלת הצניעות,7217,שער הזהב לטהרה,,1
FALSE,שלב א' - ימי הראיה,7202,סימן א - השלבים בטהרה,,1
FALSE,שלב ב' - הפסק בטהרה.,7203,סימן א - השלבים בטהרה,,1
FALSE,שלב ג' - ספירת 7 ימים נקיים,7204,סימן א - השלבים בטהרה,,1
FALSE,שלב ד' - הרחקות,7205,סימן א - השלבים בטהרה,,1
FALSE,שלב ה' - הכנות לטבילה במקוה.,7206,סימן א - השלבים בטהרה,,1
FALSE,שלב ו' טבילה במקוה,7207,סימן א - השלבים בטהרה,,1
FALSE,הסכמות,7221,נשואין ואישות,,1
FALSE,הלכות טהרת הבית,,נשואין ואישות,,
FALSE,נשואין ואישות,,נשואין ואישות,,
FALSE,פרק א´- באלו אופנים נעשית האשה נדה,7222,הלכות טהרת הבית,,1
FALSE,פרק ב´- דיני מראות הדם וכללי ההוראה בהם,7223,הלכות טהרת הבית,,1
FALSE,פרק ג´- נאמנות האשה להעיד בעניני נדותה,7224,הלכות טהרת הבית,,1
FALSE,פרק ד´- דברים האסורים בזמן נדותה,7225,הלכות טהרת הבית,,1
FALSE,פרק ה´- דיני וסתות,7226,הלכות טהרת הבית,,1
FALSE,"פרק ו´ - חששות, פרישת האיש מאשתו בעונת וסתה",7227,הלכות טהרת הבית,,1
FALSE,פרק ז´- הכנה לנשואין,7228,הלכות טהרת הבית,,1
FALSE,פרק ח´- דם בתולים,7229,הלכות טהרת הבית,,1
FALSE,"פרק ט´- דין רואה מחמת תשמיש, ותולה במכה ",7230,הלכות טהרת הבית,,1
FALSE,"פרק י´- דיני כתמים, והרגשה בלא ראיה",7231,הלכות טהרת הבית,,1
FALSE,"פרק י'א - דיני יולדת, מפלת ודמי טוהר",7232,הלכות טהרת הבית,,1
FALSE,פרק י'ב - הפסק בטהרה ושבעה נקיים,7233,הלכות טהרת הבית,,1
FALSE,פרק י'ג - זמן הטבילה,7234,הלכות טהרת הבית,,1
FALSE,פרק י'ד - הלכות חציצה,7235,הלכות טהרת הבית,,1
FALSE,"פרק ט'ו - עיון, הדחה וחפיפה לפני הטבילה",7236,הלכות טהרת הבית,,1
FALSE,פרק ט'ז - הטבילה וברכתה,7237,הלכות טהרת הבית,,1
FALSE,פרק י'ז - הלכות מקוה,7238,הלכות טהרת הבית,,1
FALSE,פֶּרֶק י'ח - הִלְכוֹת שִׁדּוּכִין,7239,נשואין ואישות,,1
FALSE,פֶּרֶק י'ט - הִלְכוֹת עֲרָיוֹת וּמַמְזֵרוּת,7240,נשואין ואישות,,1
FALSE,פֶּרֶק כ´ - הִלְכוֹת תַּקָּנַת רַבֵּנוּ גֵּרְשֹׁם מְאוֹר הַגּוֹלָה בְּאִשָּׁה שְׁנִיָּה,7241,נשואין ואישות,,1
FALSE,פֶּרֶק כ'א - קְדֻשַּׁת הַכֹּהֲנִים,7242,נשואין ואישות,,1
FALSE,"פֶּרֶק כ'ב - אִסּוּר אֵשֶׁת אִישׁ, מַחְזִיר גְּרוּשָׁתוֹ, חָדְשֵׁי הַבְחָנָה,   מְעֻובֶּרֶת וּמֵינֶקֶת חֲבֵרוֹ, קַטְלָנִית, פְּצוּעַ דַּכָּא, הַשִּׁמּוּשׁ בְּאֶמְצָעֵי מְנִיעָה, הַפְרָיָה מְלָאכוּתִית, אִסּוּר גּוֹיָה וְדֶרֶךְ תְּשׁוּבָה -  הלכות אישות.",7243,נשואין ואישות,,1
FALSE,פֶּרֶק כ'ג הִלְכוֹת קִדּוּשִׁין,7244,נשואין ואישות,,1
FALSE,פֶּרֶק כ'ד הִלְכוֹת כְּתֻבּוֹת - דִּינֵי מָמוֹנוֹת שֶׁבֵּין אִישׁ לְאִשְׁתּוֹ,7245,נשואין ואישות,,1
FALSE,פֶּרֶק כ'ה - הִלְכוֹת גֵּרוּשִׁין וְכֵיצַד כּוֹתֵב וְנוֹתֵן הַגֵּט,7246,נשואין ואישות,,1
FALSE,פֶּרֶק כ'ו - הִלְכוֹת אִשָּׁה יְבָמָה,7247,נשואין ואישות,,1
FALSE,הקדמה לספר,7251,טהרה הריון ולידה כהלכה,,1
FALSE,הקדמה להלכות טהרה,7252,טהרה הריון ולידה כהלכה,,1
FALSE,הלכות טהרה,7253,טהרה הריון ולידה כהלכה,,1
FALSE,תקופת ההריון,7254,טהרה הריון ולידה כהלכה,,1
FALSE,מגילת כהן,181,שונות,,1
FALSE,נזר כהן,182,שונות,,1
FALSE,או''ח חלק א,500001,שו''ת איגרות משה,,1
FALSE,או''ח חלק ב,500002,שו''ת איגרות משה,,1
FALSE,או''ח חלק ג,500003,שו''ת איגרות משה,,1
FALSE,או''ח חלק ד,500004,שו''ת איגרות משה,,1
FALSE,או''ח חלק ה,500005,שו''ת איגרות משה,,1
FALSE,מסילת ישרים,210,מוסר,,1
FALSE,אורחות צדיקים,211,מוסר,,1
FALSE,שערי תשובה,212,מוסר,,1
FALSE,ספר הישר,215,מוסר,,1
FALSE,אגרת הרמב'ן,220,מוסר,,1
FALSE,שמירת הלשון - חלק ראשון,221,מוסר,,1
FALSE,שמירת הלשון - חלק שני,222,מוסר,,1
FALSE,חפץ חיים,267,מוסר,,1
FALSE,תומר דבורה,214,מוסר,,1
FALSE,פלא יועץ,,מוסר,,
FALSE,אורחות חיים לרא''ש,500115,מוסר,,1
FALSE,פירוש על אבות לרבינו יונה,500117,מוסר,,1
FALSE,ספר שערי תשובה לרבינו יונה,500153,מוסר,,1
FALSE,ספר הישר לר'ת,500151,מוסר,,1
FALSE,שער הגמול  רמב''ן,500152,מוסר,,1
FALSE,יערות דבש לרב יהונתן אייבשיץ,500121,מוסר,,1
FALSE,הקדמת הרב המחבר זצ''ל,903501,פלא יועץ,,1
FALSE,אות א,903502,פלא יועץ,,1
FALSE,אות ב,903503,פלא יועץ,,1
FALSE,אות ג,903504,פלא יועץ,,1
FALSE,אות ד,903505,פלא יועץ,,1
FALSE,אות ה,903506,פלא יועץ,,1
FALSE,אות ו,903507,פלא יועץ,,1
FALSE,אות ז,903508,פלא יועץ,,1
FALSE,אות ח,903509,פלא יועץ,,1
FALSE,אות ט,903510,פלא יועץ,,1
FALSE,אות י,903511,פלא יועץ,,1
FALSE,אות כ,903512,פלא יועץ,,1
FALSE,אות ל,903513,פלא יועץ,,1
FALSE,אות מ,903514,פלא יועץ,,1
FALSE,אות נ,903515,פלא יועץ,,1
FALSE,אות ס,903516,פלא יועץ,,1
FALSE,אות ע,903517,פלא יועץ,,1
FALSE,אות פ,903518,פלא יועץ,,1
FALSE,אות צ,903519,פלא יועץ,,1
FALSE,אות ק,903520,פלא יועץ,,1
FALSE,אות ר,903521,פלא יועץ,,1
FALSE,אות ש,903522,פלא יועץ,,1
FALSE,אות ת,903523,פלא יועץ,,1
FALSE,נספח,903524,פלא יועץ,,1
FALSE,נפש החיים,925,מחשבה,,1
FALSE,ספר דרך השם,926,מחשבה,,1
FALSE,ספר הכוזרי,927,מחשבה,,1
FALSE,הרמב'ם,,מחשבה,,
FALSE,אמונות ודעות,,מחשבה,,
FALSE,חובות הלבבות,,מחשבה,,
FALSE,המהר'ל מפראג,,מחשבה,,
FALSE,כתבי הרמב''ם,500103,הרמב'ם,,1
FALSE,מורה נבוכים אבן תבון,,הרמב'ם,,
FALSE,מורה נבוכים קפח,,הרמב'ם,,
FALSE,חלק ראשון,500107,מורה נבוכים אבן תבון,,1
FALSE,החלק השני,500108,מורה נבוכים אבן תבון,,1
FALSE,חלק שלישי,500109,מורה נבוכים אבן תבון,,1
FALSE,חלק ראשון,500110,מורה נבוכים קפח,,1
FALSE,חלק שני,500111,מורה נבוכים קפח,,1
FALSE,חלק שלישי,500112,מורה נבוכים קפח,,1
FALSE,הקדמה,5001124,אמונות ודעות,,1
FALSE,המאמר הראשון:שכל הנמצאים מחודשים,5001125,אמונות ודעות,,1
FALSE,"המאמר השני:שמחדש הדברים אחד, יתברך ויתעלה",5001126,אמונות ודעות,,1
FALSE,המאמר השלישי:בצווי ובאזהרה,5001127,אמונות ודעות,,1
FALSE,המאמר הרביעי:במשמעת,5001128,אמונות ודעות,,1
FALSE,המאמר החמישי:בזכיות ובחובות,5001129,אמונות ודעות,,1
FALSE,"המאמר השישי:בעצם הנפש, והמות, וכל הנספח לכך",5001130,אמונות ודעות,,1
FALSE,המאמר השביעי:בתחיית המתים בעולם הזה,5001131,אמונות ודעות,,1
FALSE,המאמר השמיני:בישועה,5001132,אמונות ודעות,,1
FALSE,המאמר התשיעי:בגמול ובעונש בעולם הבא,5001133,אמונות ודעות,,1
FALSE,המאמר העשירי ממנו:במה שיותר ראוי שיעשה האדם בעולם הזה,5001134,אמונות ודעות,,1
FALSE,הקדמה,500136,חובות הלבבות,,1
FALSE,שער היחוד,500137,חובות הלבבות,,1
FALSE,שער הבחינה,500138,חובות הלבבות,,1
FALSE,שער עבודה,500139,חובות הלבבות,,1
FALSE,שער הביטחון,500140,חובות הלבבות,,1
FALSE,שער יחוד המעשה,500141,חובות הלבבות,,1
FALSE,שער הכניעה,500142,חובות הלבבות,,1
FALSE,שער התשובה,500143,חובות הלבבות,,1
FALSE,שער חשבון הנפש,500144,חובות הלבבות,,1
FALSE,שער הפרישות,500145,חובות הלבבות,,1
FALSE,שער אהבת ה',500146,חובות הלבבות,,1
FALSE,ספר אור חדש,15301,המהר'ל מפראג,,1
FALSE,ספר באר הגולה,15302,המהר'ל מפראג,,1
FALSE,ספר גבורות השם,15303,המהר'ל מפראג,,1
FALSE,ספר נצח ישראל,15312,המהר'ל מפראג,,1
FALSE,ספר תפארת ישראל,15315,המהר'ל מפראג,,1
FALSE,ספר נתיבות עולם,15314,המהר'ל מפראג,,1
FALSE,ספר גור אריה,,המהר'ל מפראג,,
FALSE,ספר דברי נגידים,15309,המהר'ל מפראג,,1
FALSE,ספר דרך חיים,15310,המהר'ל מפראג,,1
FALSE,דרשות המהר''ל,15311,המהר'ל מפראג,,1
FALSE,נר מצוה,15313,המהר'ל מפראג,,1
FALSE,ספר גור אריה על בראשית,15305,ספר גור אריה,,1
FALSE,ספר גור אריה על שמות,15308,ספר גור אריה,,1
FALSE,ספר גור אריה על ויקרא,15307,ספר גור אריה,,1
FALSE,ספר גור אריה על במדבר,15304,ספר גור אריה,,1
FALSE,ספר גור אריה על דברים,15306,ספר גור אריה,,1
FALSE,תולדות החסידות,,חסידות,,
FALSE,חב''ד,,חסידות,,
FALSE,ברסלב,,חסידות,,
FALSE,אמת ואמונה - מנחם מנדל מקוצק,16301,חסידות,,1
FALSE,נועם אלימלך הוספות,16302,חסידות,,1
FALSE,שבחי הבעש''ט,16303,חסידות,,1
FALSE,חזון ישעיהו - הרב פינטו,185,חסידות,,1
FALSE,הרב מרדכי אליהו,,חסידות,,
FALSE,סיפורי חסידים,500094,חסידות,,1
FALSE,צוואת הריב'ש,500095,חסידות,,1
FALSE,פרי הארץ - רבי מנחם מנדל מוויטעפסק,500096,חסידות,,1
FALSE,ספר עבודת ישראל מהמגיד מקאזניץ,500097,חסידות,,1
FALSE,ספר עבודת ישראל - מסכת אבות - מהמגיד מקאזניץ,500098,חסידות,,1
FALSE,מאור עינים - מגיד מטשארנאביל,500099,חסידות,,1
FALSE,ר' ברוך בר' יחיאל ממזיבוז,500068,תולדות החסידות,,1
FALSE,ר' דוב המגיד ממיזריטש,500069,תולדות החסידות,,1
FALSE,ר' יעקב יוסף כ''ץ בעל תולדות יעקב יוסף,500070,תולדות החסידות,,1
FALSE,ר' ישראל בעש'ט,500071,תולדות החסידות,,1
FALSE,ר' לוי יצחק מברדיטשוב בעל 'קדושת לוי',500072,תולדות החסידות,,1
FALSE,ר' ליב בן שרה,500073,תולדות החסידות,,1
FALSE,ר' מנחם מנדיל מוויטבסקבעל פרי הארץ,500074,תולדות החסידות,,1
FALSE,ר' משה חיים אפרים ב''ר יחיאל בעל 'דגל מחנה אפרים',500075,תולדות החסידות,,1
FALSE,ר' נחמן מברסלב ותלמידו ר' נתן,500076,תולדות החסידות,,1
FALSE,ר' פנחס מקוריץ,500077,תולדות החסידות,,1
FALSE,ר' שניאור זלמן מלאדי בעל 'התניא',500078,תולדות החסידות,,1
FALSE,המגיד הגדול ממיז'ריץ ורופא המלך - אהרן הלוי פיצ'ניק,500079,תולדות החסידות,,1
FALSE,אגדות הבעש'ט,500080,תולדות החסידות,,1
FALSE,רבי יעקב אריה מראדזימין,500081,תולדות החסידות,,1
FALSE,הבעש''ט - מפענח הניגון החסידי,500082,תולדות החסידות,,1
FALSE,ליכודם של תלמידי הבעש'ט,500083,תולדות החסידות,,1
FALSE,רבי ישראל בעל שם טוב - חייו ותורתו,500084,תולדות החסידות,,1
FALSE,חסידות רוזין,500085,תולדות החסידות,,1
FALSE,רבי לוי יצחק 'הרב מברדיטשוב',500086,תולדות החסידות,,1
FALSE,רבי מנחם מנדל מקוצק,500087,תולדות החסידות,,1
FALSE,רבי נפתלי צבי מרופשיץ וצדיקי הדור,500088,תולדות החסידות,,1
FALSE,דמות הפלאים של בעל ה'תניא',500089,תולדות החסידות,,1
FALSE,ליקוטי אמרים - תניא,991,חב''ד,,1
FALSE,שער היחוד והאמונה,992,חב''ד,,1
FALSE,אגרת התשובה,993,חב''ד,,1
FALSE,אגרת הקדש,994,חב''ד,,1
FALSE,קונטרס אחרון,995,חב''ד,,1
FALSE,התיקון הכללי,224005,ברסלב,,1
FALSE,סיפורי מעשיות,951,ברסלב,,1
FALSE,ליקוטי מוהר'ן - חלק א',9124,ברסלב,,1
FALSE,ליקוטי מוהר'ן - חלק ב',9125,ברסלב,,1
FALSE,ליקוטי מוהרן קמא לפי ימי החודש,9101,ברסלב,,1
FALSE,ליקוטי מוהרן תנינא לפי ימי החודש,9102,ברסלב,,1
FALSE,קיצור ליקוטי מוהרן,9109,ברסלב,,1
FALSE,קיצור ליקוטי מוהרן תנינא,9108,ברסלב,,1
FALSE,לִקּוּטֵי הֲלָכוֹת,,ברסלב,,
FALSE,ליקוטי עצות,9103,ברסלב,,1
FALSE,סֵפֶר הַמִּדּוֹת,9104,ברסלב,,1
FALSE,עלים לתרופה,9105,ברסלב,,1
FALSE,סֵפֶר עֵצוֹת יְשָׁרוֹת,9106,ברסלב,,1
FALSE,שבחי הר'ן,955,ברסלב,,1
FALSE,שיחות הר'ן,956,ברסלב,,1
FALSE,חיי מוהרן,970,ברסלב,,1
FALSE,ספר המידות,957,ברסלב,,1
FALSE,משיבת נפש,958,ברסלב,,1
FALSE,ליקוטי תפילות - קמא,960,ברסלב,,1
FALSE,ליקוטי תפילות - תניינא,961,ברסלב,,1
FALSE,מְשִׁיבַת נָפֶשׁ והִשְׁתַּפְּכוּת הַנֶּפֶשׁ,,ברסלב,,
FALSE,סֵפֶר יְמֵי מוֹהַרֲנַ'ת,,ברסלב,,
FALSE,סֵפֶר אִבֵּ'י הַנָּחַל,,ברסלב,,
FALSE,יִשְׁרָאֵל סָבָּא,973,ברסלב,,1
FALSE,ארץ ישראל,,ברסלב,,
FALSE,פרפראות לחכמה,9107,ברסלב,,1
FALSE,ביאור הליקוטים,966,ברסלב,,1
FALSE,שיחת נפש,9112,ברסלב,,1
FALSE,סֵפֶר שְׁמוֹת הַצַּדִּיקִים,9113,ברסלב,,1
FALSE,סֵפֶר שִׂמְחַת הַנֶּפֶשׁ,9114,ברסלב,,1
FALSE,תוך הנחל,500091,ברסלב,,1
FALSE,אשר בנחל,500092,ברסלב,,1
FALSE,ספר ליקוטי הלכות אורח חיים א,9115,לִקּוּטֵי הֲלָכוֹת,,1
FALSE,ליקוטי הלכות אורח חיים - ב,9116,לִקּוּטֵי הֲלָכוֹת,,1
FALSE,ליקוטי הלכות אורח חיים ג,9117,לִקּוּטֵי הֲלָכוֹת,,1
FALSE,לִקּוּטֵי הֲלָכוֹת יוֹרֶה דֵּעָה,9118,לִקּוּטֵי הֲלָכוֹת,,1
FALSE,לִקּוּטֵי הֲלָכוֹת יוֹרֶה דֵּעָה,9119,לִקּוּטֵי הֲלָכוֹת,,1
FALSE,לִקּוּטֵי הֲלָכוֹת אֶבֶן הָעֶזֶר,9120,לִקּוּטֵי הֲלָכוֹת,,1
FALSE,חושן משפט חלק א,9121,לִקּוּטֵי הֲלָכוֹת,,1
FALSE,ליקוטי הלכות חושן משפט ב,9122,לִקּוּטֵי הֲלָכוֹת,,1
FALSE,מְשִׁיבַת נָפֶשׁ,967,מְשִׁיבַת נָפֶשׁ והִשְׁתַּפְּכוּת הַנֶּפֶשׁ,,1
FALSE,הִשְׁתַּפְּכוּת הַנֶּפֶשׁ,968,מְשִׁיבַת נָפֶשׁ והִשְׁתַּפְּכוּת הַנֶּפֶשׁ,,1
FALSE,לִקּוּטֵי הֲלָכוֹת,969,מְשִׁיבַת נָפֶשׁ והִשְׁתַּפְּכוּת הַנֶּפֶשׁ,,1
FALSE,חֵלֶק רִאשׁוֹן,971,סֵפֶר יְמֵי מוֹהַרֲנַ'ת,,1
FALSE,חֵלֶק שֵׁנִי,972,סֵפֶר יְמֵי מוֹהַרֲנַ'ת,,1
FALSE,אִבֵּ'י הַנָּחַל חֵלֶק א',962,סֵפֶר אִבֵּ'י הַנָּחַל,,1
FALSE,אִבֵּ'י הַנָּחַל חֵלֶק ב',963,סֵפֶר אִבֵּ'י הַנָּחַל,,1
FALSE,חלק ראשון,964,ארץ ישראל,,1
FALSE,חלק שני,965,ארץ ישראל,,1
FALSE,סֵפֶר דַּרְכֵי טָהֳרָה,,הרב מרדכי אליהו,,
FALSE,אביהם של ישראל,,הרב מרדכי אליהו,,
FALSE,חֵלֶק א - דִּינֵי נִדָּה,10001,סֵפֶר דַּרְכֵי טָהֳרָה,,1
FALSE,חֵלֶק ב - דִּינֵי טָהֳרַת נִדָּה,10002,סֵפֶר דַּרְכֵי טָהֳרָה,,1
FALSE,חֵלֶק ג - הִלְכוֹת צְנִיעוּת,10003,סֵפֶר דַּרְכֵי טָהֳרָה,,1
FALSE,אביהם של ישראל א',10005,אביהם של ישראל,,1
FALSE,אביהם של ישראל ב',10006,אביהם של ישראל,,1
FALSE,אביהם של ישראל ג',10007,אביהם של ישראל,,1
FALSE,ספר הזוהר,,קבלה,,
FALSE,כתבי רבי אברהם אבולעפיא,,קבלה,,
FALSE,ספרי קבלה שונים,,קבלה,,
FALSE,רבי אברהם ב''ר אלכסנדר מקולוניא,,קבלה,,
FALSE,רבי מנחם עזריה מפאנו,,קבלה,,
FALSE,הרב עזריאל מגירונה,,קבלה,,
FALSE,רבי אברהם אזולאי,,קבלה,,
FALSE,רבי מאיר בן גבאי,,קבלה,,
FALSE,רבי משה בן שם טוב די ליאון,,קבלה,,
FALSE,רבי יוסף גיקטליה,,קבלה,,
FALSE,ספר יצירה עם מפרשים,,קבלה,,
FALSE,רבי יוסף קארו,,קבלה,,
FALSE,רבינו משה קורדוברו (הרמ''ק),,קבלה,,
FALSE,רבי משה חיים לוצאטו (רמח''ל),,קבלה,,
FALSE,רבי אברהם מרימון הספרדי,,קבלה,,
FALSE,ספרי המרכבה,,קבלה,,
FALSE,רבי שלום שרעבי,,קבלה,,
FALSE,רבי חיים ויטאל,,קבלה,,
FALSE,הרב אשלג,,קבלה,,
FALSE,הזוהר המתורגם - ספר בראשית,,ספר הזוהר,,
FALSE,הזוהר המתורגם - ספר שמות,,ספר הזוהר,,
FALSE,הזוהר המתורגם - ספר ויקרא,,ספר הזוהר,,
FALSE,הזוהר המתורגם - ספר במדבר,,ספר הזוהר,,
FALSE,הזוהר המתורגם - ספר דברים,,ספר הזוהר,,
FALSE,הזוהר המתורגם - תיקוני הזוהר,,ספר הזוהר,,
FALSE,הזוהר המתורגם - זוהר חדש,,ספר הזוהר,,
FALSE,רעיא מהימנא,500102,ספר הזוהר,,1
FALSE,פרשת בראשית,990101,הזוהר המתורגם - ספר בראשית,,1
FALSE,פרשת נח,990102,הזוהר המתורגם - ספר בראשית,,1
FALSE,פרשת לך לך,990103,הזוהר המתורגם - ספר בראשית,,1
FALSE,פרשת וירא,990104,הזוהר המתורגם - ספר בראשית,,1
FALSE,פרשת חיי שרה,990105,הזוהר המתורגם - ספר בראשית,,1
FALSE,פרשת תולדות,990106,הזוהר המתורגם - ספר בראשית,,1
FALSE,פרשת ויצא,990107,הזוהר המתורגם - ספר בראשית,,1
FALSE,פרשת וישלח,990108,הזוהר המתורגם - ספר בראשית,,1
FALSE,פרשת וישב,990109,הזוהר המתורגם - ספר בראשית,,1
FALSE,פרשת מקץ,990110,הזוהר המתורגם - ספר בראשית,,1
FALSE,פרשת ויגש אליו,990111,הזוהר המתורגם - ספר בראשית,,1
FALSE,פרשת ויחי,990112,הזוהר המתורגם - ספר בראשית,,1
FALSE,פרשת שמות,990201,הזוהר המתורגם - ספר שמות,,1
FALSE,פרשת וארא,990202,הזוהר המתורגם - ספר שמות,,1
FALSE,פרשת בא,990203,הזוהר המתורגם - ספר שמות,,1
FALSE,פרשת בשלח,990204,הזוהר המתורגם - ספר שמות,,1
FALSE,[פרשת המן],990205,הזוהר המתורגם - ספר שמות,,1
FALSE,פרשת יתרו,990206,הזוהר המתורגם - ספר שמות,,1
FALSE,פרשת משפטים,990207,הזוהר המתורגם - ספר שמות,,1
FALSE,פרשת תרומה,990208,הזוהר המתורגם - ספר שמות,,1
FALSE,פרשת ואתה תצוה,990209,הזוהר המתורגם - ספר שמות,,1
FALSE,פרשת כי תשא,990210,הזוהר המתורגם - ספר שמות,,1
FALSE,פרשת ויקהל,990211,הזוהר המתורגם - ספר שמות,,1
FALSE,פרשת פקודי,990212,הזוהר המתורגם - ספר שמות,,1
FALSE,פרשת ויקרא,990301,הזוהר המתורגם - ספר ויקרא,,1
FALSE,פרשת צו,990302,הזוהר המתורגם - ספר ויקרא,,1
FALSE,פרשת שמיני,990303,הזוהר המתורגם - ספר ויקרא,,1
FALSE,פרשת תזריע,990304,הזוהר המתורגם - ספר ויקרא,,1
FALSE,פרשת מצורע,990305,הזוהר המתורגם - ספר ויקרא,,1
FALSE,פרשת אחרי מות,990306,הזוהר המתורגם - ספר ויקרא,,1
FALSE,פרשת קדושים,990307,הזוהר המתורגם - ספר ויקרא,,1
FALSE,פרשת אמור,990308,הזוהר המתורגם - ספר ויקרא,,1
FALSE,פרשת בהר,990309,הזוהר המתורגם - ספר ויקרא,,1
FALSE,פרשת בחקותי,990310,הזוהר המתורגם - ספר ויקרא,,1
FALSE,פרשת במדבר,990401,הזוהר המתורגם - ספר במדבר,,1
FALSE,פרשת נשא,990402,הזוהר המתורגם - ספר במדבר,,1
FALSE,פרשת בהעלותך,990403,הזוהר המתורגם - ספר במדבר,,1
FALSE,פרשת שלח לך,990404,הזוהר המתורגם - ספר במדבר,,1
FALSE,פרשת קרח,990405,הזוהר המתורגם - ספר במדבר,,1
FALSE,פרשת חקת,990406,הזוהר המתורגם - ספר במדבר,,1
FALSE,פרשת בלק,990407,הזוהר המתורגם - ספר במדבר,,1
FALSE,פרשת פנחס,990408,הזוהר המתורגם - ספר במדבר,,1
FALSE,פרשת מטות,990409,הזוהר המתורגם - ספר במדבר,,1
FALSE,פרשת דברים,990501,הזוהר המתורגם - ספר דברים,,1
FALSE,פרשת ואתחנן,990502,הזוהר המתורגם - ספר דברים,,1
FALSE,פרשת עקב,990503,הזוהר המתורגם - ספר דברים,,1
FALSE,פרשת שופטים,990504,הזוהר המתורגם - ספר דברים,,1
FALSE,פרשת כי תצא,990505,הזוהר המתורגם - ספר דברים,,1
FALSE,פרשת וילך,990506,הזוהר המתורגם - ספר דברים,,1
FALSE,פרשת האזינו,990507,הזוהר המתורגם - ספר דברים,,1
FALSE,האדרא זוטא קדישא,990508,הזוהר המתורגם - ספר דברים,,1
FALSE,הקדמת תקוני הזהר,990601,הזוהר המתורגם - תיקוני הזוהר,,1
FALSE,הקדמה אחרת לתקוני הזהר,990602,הזוהר המתורגם - תיקוני הזוהר,,1
FALSE,תקונא קדמאה,990603,הזוהר המתורגם - תיקוני הזוהר,,1
FALSE,[ודא תקונא תניינא],990604,הזוהר המתורגם - תיקוני הזוהר,,1
FALSE,[תקונא תליתאה] תקונא תניינא,990605,הזוהר המתורגם - תיקוני הזוהר,,1
FALSE,ודא תקונא תליתאה כגוונא דא,990606,הזוהר המתורגם - תיקוני הזוהר,,1
FALSE,תקונא רביעאה,990607,הזוהר המתורגם - תיקוני הזוהר,,1
FALSE,תקונא חמישאה,990608,הזוהר המתורגם - תיקוני הזוהר,,1
FALSE,תקונא שתיתאה,990609,הזוהר המתורגם - תיקוני הזוהר,,1
FALSE,תקונא שביעאה,990610,הזוהר המתורגם - תיקוני הזוהר,,1
FALSE,תקונא תמינאה,990611,הזוהר המתורגם - תיקוני הזוהר,,1
FALSE,תקונא תשיעאה,990612,הזוהר המתורגם - תיקוני הזוהר,,1
FALSE,תקונא עשיראה,990613,הזוהר המתורגם - תיקוני הזוהר,,1
FALSE,תקונא חד סר,990614,הזוהר המתורגם - תיקוני הזוהר,,1
FALSE,תקונא תריסר,990615,הזוהר המתורגם - תיקוני הזוהר,,1
FALSE,תקונא תליסר,990616,הזוהר המתורגם - תיקוני הזוהר,,1
FALSE,תקונא ארביסר,990617,הזוהר המתורגם - תיקוני הזוהר,,1
FALSE,תקונא חמיסר,990618,הזוהר המתורגם - תיקוני הזוהר,,1
FALSE,תקונא שיתסר,990619,הזוהר המתורגם - תיקוני הזוהר,,1
FALSE,תקונא שיבסר,990620,הזוהר המתורגם - תיקוני הזוהר,,1
FALSE,תקונא תמני סרי,990621,הזוהר המתורגם - תיקוני הזוהר,,1
FALSE,תקונא תשסרי,990622,הזוהר המתורגם - תיקוני הזוהר,,1
FALSE,"תקונא עשרין, וחד ועשרין ",990623,הזוהר המתורגם - תיקוני הזוהר,,1
FALSE,תקונא עשרין ותרין,990624,הזוהר המתורגם - תיקוני הזוהר,,1
FALSE,תקונא עשרין ותלת,990625,הזוהר המתורגם - תיקוני הזוהר,,1
FALSE,תקונא עשרין וארבע,990626,הזוהר המתורגם - תיקוני הזוהר,,1
FALSE,תקונא עשרין וחמשא,990627,הזוהר המתורגם - תיקוני הזוהר,,1
FALSE,תקונא עשרין ושית,990628,הזוהר המתורגם - תיקוני הזוהר,,1
FALSE,תקונא עשרין ותמניא,990629,הזוהר המתורגם - תיקוני הזוהר,,1
FALSE,תקונא עשרין ותשע,990630,הזוהר המתורגם - תיקוני הזוהר,,1
FALSE,תקונא תלתין,990631,הזוהר המתורגם - תיקוני הזוהר,,1
FALSE,תקונא תלתין וחד,990632,הזוהר המתורגם - תיקוני הזוהר,,1
FALSE,תקונא תלתין ותרין,990633,הזוהר המתורגם - תיקוני הזוהר,,1
FALSE,תקונא תלתין ותלת,990634,הזוהר המתורגם - תיקוני הזוהר,,1
FALSE,תקונא תלתין וארבע,990635,הזוהר המתורגם - תיקוני הזוהר,,1
FALSE,תקונא תלתין וחמשא,990636,הזוהר המתורגם - תיקוני הזוהר,,1
FALSE,תקונא תלתין ושתא,990637,הזוהר המתורגם - תיקוני הזוהר,,1
FALSE,תקונא שבע ותלתין,990638,הזוהר המתורגם - תיקוני הזוהר,,1
FALSE,תקונא תמניא ותלתין,990639,הזוהר המתורגם - תיקוני הזוהר,,1
FALSE,תקונא תשע ותלתין,990640,הזוהר המתורגם - תיקוני הזוהר,,1
FALSE,תקונא ארבעין,990641,הזוהר המתורגם - תיקוני הזוהר,,1
FALSE,תקונא חד וארבעין,990642,הזוהר המתורגם - תיקוני הזוהר,,1
FALSE,תקונא ארבעין ותרין,990643,הזוהר המתורגם - תיקוני הזוהר,,1
FALSE,תקונא ארבעין ותלת,990644,הזוהר המתורגם - תיקוני הזוהר,,1
FALSE,תקונא ארבעין וארבע,990645,הזוהר המתורגם - תיקוני הזוהר,,1
FALSE,תקונא ארבעין וחמשא,990646,הזוהר המתורגם - תיקוני הזוהר,,1
FALSE,תקונא שית וארבעין,990647,הזוהר המתורגם - תיקוני הזוהר,,1
FALSE,תקונא שבע וארבעין,990648,הזוהר המתורגם - תיקוני הזוהר,,1
FALSE,תקונא תמניא וארבעין,990649,הזוהר המתורגם - תיקוני הזוהר,,1
FALSE,תקונא תשע וארבעין,990650,הזוהר המתורגם - תיקוני הזוהר,,1
FALSE,תקונא חמשין,990651,הזוהר המתורגם - תיקוני הזוהר,,1
FALSE,תקונא חד וחמשין,990652,הזוהר המתורגם - תיקוני הזוהר,,1
FALSE,תקונא תרין וחמשין,990653,הזוהר המתורגם - תיקוני הזוהר,,1
FALSE,תקונא חמשין ותלת,990654,הזוהר המתורגם - תיקוני הזוהר,,1
FALSE,תקונא חמשין וארבע,990655,הזוהר המתורגם - תיקוני הזוהר,,1
FALSE,תקונא חמשין וחמש,990656,הזוהר המתורגם - תיקוני הזוהר,,1
FALSE,תקונא חמשין ושתא,990657,הזוהר המתורגם - תיקוני הזוהר,,1
FALSE,תקונא שבע וחמשין,990658,הזוהר המתורגם - תיקוני הזוהר,,1
FALSE,תקונא תמניא וחמשין,990659,הזוהר המתורגם - תיקוני הזוהר,,1
FALSE,תקונא תשעה וחמשין,990660,הזוהר המתורגם - תיקוני הזוהר,,1
FALSE,תקונא שתין,990661,הזוהר המתורגם - תיקוני הזוהר,,1
FALSE,תקונא חד ושתין,990662,הזוהר המתורגם - תיקוני הזוהר,,1
FALSE,תקונא שתין ותרין,990663,הזוהר המתורגם - תיקוני הזוהר,,1
FALSE,תקונא שתין ותלת,990664,הזוהר המתורגם - תיקוני הזוהר,,1
FALSE,תקונא שתין וארבע,990665,הזוהר המתורגם - תיקוני הזוהר,,1
FALSE,תקונא שתין וחמש,990666,הזוהר המתורגם - תיקוני הזוהר,,1
FALSE,תקונא שתין ושתא,990667,הזוהר המתורגם - תיקוני הזוהר,,1
FALSE,תקונא שתין ושבע,990668,הזוהר המתורגם - תיקוני הזוהר,,1
FALSE,תקונא תמניא ושתין,990669,הזוהר המתורגם - תיקוני הזוהר,,1
FALSE,תקונא שתין ותשעה,990670,הזוהר המתורגם - תיקוני הזוהר,,1
FALSE,תקונא שבעין,990671,הזוהר המתורגם - תיקוני הזוהר,,1
FALSE,תקונא תניינא,990672,הזוהר המתורגם - תיקוני הזוהר,,1
FALSE,תקונא תליתאה,990673,הזוהר המתורגם - תיקוני הזוהר,,1
FALSE,תקונא רביעאה,990674,הזוהר המתורגם - תיקוני הזוהר,,1
FALSE,תקונא חמישאה,990675,הזוהר המתורגם - תיקוני הזוהר,,1
FALSE,תקונא שתיתאה,990676,הזוהר המתורגם - תיקוני הזוהר,,1
FALSE,תקונא שביעאה,990677,הזוהר המתורגם - תיקוני הזוהר,,1
FALSE,תקונא תמינאה,990678,הזוהר המתורגם - תיקוני הזוהר,,1
FALSE,תקונא תשיעאה,990679,הזוהר המתורגם - תיקוני הזוהר,,1
FALSE,תקונא עשיראה,990680,הזוהר המתורגם - תיקוני הזוהר,,1
FALSE,תקונא אחת עשרה,990681,הזוהר המתורגם - תיקוני הזוהר,,1
FALSE,פרשת בראשית,990701,הזוהר המתורגם - זוהר חדש,,1
FALSE,פרשת נח,990702,הזוהר המתורגם - זוהר חדש,,1
FALSE,פרשת לך לך,990703,הזוהר המתורגם - זוהר חדש,,1
FALSE,פרשת וירא,990704,הזוהר המתורגם - זוהר חדש,,1
FALSE,פרשת תולדות,990705,הזוהר המתורגם - זוהר חדש,,1
FALSE,פרשת ויצא,990706,הזוהר המתורגם - זוהר חדש,,1
FALSE,פרשת וישב,990707,הזוהר המתורגם - זוהר חדש,,1
FALSE,פרשת בשלח,990708,הזוהר המתורגם - זוהר חדש,,1
FALSE,פרשת יתרו,990709,הזוהר המתורגם - זוהר חדש,,1
FALSE,פרשת תרומה,990710,הזוהר המתורגם - זוהר חדש,,1
FALSE,פרשת כי תשא,990711,הזוהר המתורגם - זוהר חדש,,1
FALSE,פרשת צו,990712,הזוהר המתורגם - זוהר חדש,,1
FALSE,פרשת אחרי,990713,הזוהר המתורגם - זוהר חדש,,1
FALSE,פרשת בהר,990714,הזוהר המתורגם - זוהר חדש,,1
FALSE,פרשת נשא,990715,הזוהר המתורגם - זוהר חדש,,1
FALSE,פרשת חקת,990716,הזוהר המתורגם - זוהר חדש,,1
FALSE,פרשת בלק,990717,הזוהר המתורגם - זוהר חדש,,1
FALSE,פרשת מטות,990718,הזוהר המתורגם - זוהר חדש,,1
FALSE,פרשת ואתחנן,990719,הזוהר המתורגם - זוהר חדש,,1
FALSE,פרשת כי תצא,990720,הזוהר המתורגם - זוהר חדש,,1
FALSE,פרשת כי תבא,990721,הזוהר המתורגם - זוהר חדש,,1
FALSE,שיר השירים,990722,הזוהר המתורגם - זוהר חדש,,1
FALSE,מדרש רות,990723,הזוהר המתורגם - זוהר חדש,,1
FALSE,מדרש הנעלם על איכה,990724,הזוהר המתורגם - זוהר חדש,,1
FALSE,תקונים מזהר חדש,990725,הזוהר המתורגם - זוהר חדש,,1
FALSE,ספרא תנינא,990726,הזוהר המתורגם - זוהר חדש,,1
FALSE,תקונא קדמאה,990727,הזוהר המתורגם - זוהר חדש,,1
FALSE,זה שייך לפרשת נח,990728,הזוהר המתורגם - זוהר חדש,,1
FALSE,זה שייך לפרשת שלח לך,990729,הזוהר המתורגם - זוהר חדש,,1
FALSE,עוד לפרשת וירא אליו,990730,הזוהר המתורגם - זוהר חדש,,1
FALSE,ספר חיי העולם הבא,15001,כתבי רבי אברהם אבולעפיא,,1
FALSE,ספר גן נעול,15002,כתבי רבי אברהם אבולעפיא,,1
FALSE,גט השמות,15003,כתבי רבי אברהם אבולעפיא,,1
FALSE,ספר אמרי שפר,15004,כתבי רבי אברהם אבולעפיא,,1
FALSE,ספר אוצר עדן הגנוז,15005,כתבי רבי אברהם אבולעפיא,,1
FALSE,ספר אור השכל,15006,כתבי רבי אברהם אבולעפיא,,1
FALSE,ספר החשק,15007,כתבי רבי אברהם אבולעפיא,,1
FALSE,שבע נתיבות התורה,15008,כתבי רבי אברהם אבולעפיא,,1
FALSE,וזאת ליהודה,15009,כתבי רבי אברהם אבולעפיא,,1
FALSE,ספר השל''ה הקדוש,15190,ספרי קבלה שונים,,
FALSE,אגרת אל הרמב''ן מרבי אברהם גאון,15010,ספרי קבלה שונים,,1
FALSE,ספר מערכת האלקות,15011,ספרי קבלה שונים,,1
FALSE,ספר מעולפת ספירים,15012,ספרי קבלה שונים,,1
FALSE,ספר מדרש שמעון הצדיק,15013,ספרי קבלה שונים,,1
FALSE,פירוש ל''ב נתיבות מקבלת הגאונים,15014,ספרי קבלה שונים,,1
FALSE,ספר הבהיר,15015,ספרי קבלה שונים,,1
FALSE,ספר העיון,15016,ספרי קבלה שונים,,1
FALSE,ספר הייחוד,15017,ספרי קבלה שונים,,1
FALSE,ספר הקנה,15018,ספרי קבלה שונים,,1
FALSE,ספר הפליאה,15019,ספרי קבלה שונים,,1
FALSE,ספר התמונה,15020,ספרי קבלה שונים,,1
FALSE,סוד הנבואה מרבי יעקב משגביא,15021,ספרי קבלה שונים,,1
FALSE,סוד ידיעת המציאות מקבלת הגאונים,15022,ספרי קבלה שונים,,1
FALSE,ספר שושן סודות,15023,ספרי קבלה שונים,,1
FALSE,פירוש הרקאנאטי על התורה,15120,ספרי קבלה שונים,,
FALSE,ספר כתר שם טוב,15024,רבי אברהם ב''ר אלכסנדר מקולוניא,,1
FALSE,ספר עשרה מאמרות,15025,רבי מנחם עזריה מפאנו,,1
FALSE,ספר גלגולי נשמות,15026,רבי מנחם עזריה מפאנו,,1
FALSE,ספר יונת אלם,15027,רבי מנחם עזריה מפאנו,,1
FALSE,ביאור עשר ספירות,15028,הרב עזריאל מגירונה,,1
FALSE,ספר חסד לאברהם,15029,רבי אברהם אזולאי,,1
FALSE,ספר עבודת הקודש,15030,רבי מאיר בן גבאי,,1
FALSE,ספר דרך אמונה,15031,רבי מאיר בן גבאי,,1
FALSE,ספר שקל הקדש,15032,רבי משה בן שם טוב די ליאון,,1
FALSE,ספר שערי צדק,15033,רבי יוסף גיקטליה,,1
FALSE,ספר החשמל,15034,רבי יוסף גיקטליה,,1
FALSE,ספר שער הניקוד וסוד החשמ''ל,15035,רבי יוסף גיקטליה,,1
FALSE,סוד הנחש,15201,רבי יוסף גיקטליה,,1
FALSE,ספר שערי אורה,15202,רבי יוסף גיקטליה,,1
FALSE,פירוש מעשה בראשית,15036,ספר יצירה עם מפרשים,,1
FALSE,פירוש הר''י דמן עכו לספר יצירה,15037,ספר יצירה עם מפרשים,,1
FALSE,פירוש הרמ''ק לספר יצירה,15038,ספר יצירה עם מפרשים,,1
FALSE,פירוש הרמב''ן לספר יצירה,15039,ספר יצירה עם מפרשים,,1
FALSE,פירוש הראב''ד לספר יצירה,15040,ספר יצירה עם מפרשים,,1
FALSE,ספר יצירה,15041,ספר יצירה עם מפרשים,,1
FALSE,פירוש ר''י סגי נהור לספר יצירה,15042,ספר יצירה עם מפרשים,,1
FALSE,ספר מגיד מישרים,15043,רבי יוסף קארו,,1
FALSE,דרישות בעניני המלאכים,15044,רבינו משה קורדוברו (הרמ''ק),,1
FALSE,ספר גרושין,15045,רבינו משה קורדוברו (הרמ''ק),,1
FALSE,ספר אור נערב,15046,רבינו משה קורדוברו (הרמ''ק),,1
FALSE,ספר פרדס רמונים,15047,רבינו משה קורדוברו (הרמ''ק),,1
FALSE,אור יקר על בראשית,15100,רבינו משה קורדוברו (הרמ''ק),,
FALSE,אור יקר על ענין הנבואה,15101,רבינו משה קורדוברו (הרמ''ק),,
FALSE,תומר דבורה,214,רבינו משה קורדוברו (הרמ''ק),,1
FALSE,ספר קל''ח פתחי חכמה,15048,רבי משה חיים לוצאטו (רמח''ל),,1
FALSE,ספר קנאת ה' צבאות,15049,רבי משה חיים לוצאטו (רמח''ל),,1
FALSE,כללי ספר קנאת ה' צבאות,15050,רבי משה חיים לוצאטו (רמח''ל),,1
FALSE,כללי ספר מלחמות משה,15051,רבי משה חיים לוצאטו (רמח''ל),,1
FALSE,כללי פתחי חכמה ודעת,15052,רבי משה חיים לוצאטו (רמח''ל),,1
FALSE,ליקוטים מכתבי הרמח''ל ז''ל,15053,רבי משה חיים לוצאטו (רמח''ל),,1
FALSE,מאמר החכמה,15054,רבי משה חיים לוצאטו (רמח''ל),,1
FALSE,מאמר העיקרים,15055,רבי משה חיים לוצאטו (רמח''ל),,1
FALSE,ספר משכני עליון,15056,רבי משה חיים לוצאטו (רמח''ל),,1
FALSE,ספר פנות המרכבה,15057,רבי משה חיים לוצאטו (רמח''ל),,1
FALSE,ראשי פרקים של דברי תורה,15058,רבי משה חיים לוצאטו (רמח''ל),,1
FALSE,תפלות לפנות המרכבה,15059,רבי משה חיים לוצאטו (רמח''ל),,1
FALSE,עשרה אורות,15102,רבי משה חיים לוצאטו (רמח''ל),,
FALSE,ביאורים לספר אוצרות חיים,15114,רבי משה חיים לוצאטו (רמח''ל),,
FALSE,ספר דעת תבונות,15115,רבי משה חיים לוצאטו (רמח''ל),,
FALSE,ספר דרך חכמה,1511,רבי משה חיים לוצאטו (רמח''ל),,
FALSE,דרך עץ חיים,15117,רבי משה חיים לוצאטו (רמח''ל),,
FALSE,דברי תורה בשם המגיד,15103,רבי משה חיים לוצאטו (רמח''ל),,
FALSE,כללי מאמר החכמה,15104,רבי משה חיים לוצאטו (רמח''ל),,
FALSE,כללות שרשי החכמה,15105,רבי משה חיים לוצאטו (רמח''ל),,
FALSE,מאמר על ההגדות,15106,רבי משה חיים לוצאטו (רמח''ל),,
FALSE,מאמר ויהי מקץ,15107,רבי משה חיים לוצאטו (רמח''ל),,
FALSE,פירוש למאמר ויהי מקץ,15108,רבי משה חיים לוצאטו (רמח''ל),,
FALSE,פירוש משנה ראשונה לספר יצירה,15109,רבי משה חיים לוצאטו (רמח''ל),,
FALSE,פירוש מאמר ארימת ידי בצלותין,15110,רבי משה חיים לוצאטו (רמח''ל),,
FALSE,פירוש מאמר הזוהר ריש משפטים,15111,רבי משה חיים לוצאטו (רמח''ל),,
FALSE,סוד המרכבה דמות אדם והיחוד,15112,רבי משה חיים לוצאטו (רמח''ל),,
FALSE,ספר ברית מנוחה,15060,רבי אברהם מרימון הספרדי,,1
FALSE,פרקי היכלות רבתי,15061,ספרי המרכבה,,1
FALSE,ספר הרזים,15062,ספרי המרכבה,,1
FALSE,ספר מעין החכמה,15118,ספרי המרכבה,,
FALSE,קונטרס חסדי דוד,15063,רבי שלום שרעבי,,1
FALSE,ספר נהר שלום,15064,רבי שלום שרעבי,,1
FALSE,ספר עץ חיים,15065,רבי חיים ויטאל,,1
FALSE,ספר עץ הדעת טוב,15066,רבי חיים ויטאל,,1
FALSE,שער מאמרי רשב''י,15067,רבי חיים ויטאל,,1
FALSE,פרי עץ חיים,15068,רבי חיים ויטאל,,1
FALSE,ספר שערי קדושה,15069,רבי חיים ויטאל,,1
FALSE,שער הגלגולים,15070,רבי חיים ויטאל,,1
FALSE,שער הכוונות,15071,רבי חיים ויטאל,,1
FALSE,שער הפסוקים,15072,רבי חיים ויטאל,,1
FALSE,שער מאמרי רז''ל,15073,רבי חיים ויטאל,,1
FALSE,ליקוטי הש''ס,15119,רבי חיים ויטאל,,
FALSE,הקדמה לספר הזוהר,15076,הרב אשלג,,1
FALSE,מבוא לספר הזהר,15078,הרב אשלג,,1
FALSE,פתיחה לחכמת הקבלה,15079,הרב אשלג,,1
FALSE,מתן תורה,15077,הרב אשלג,,1
FALSE,,,,,
FALSE,,,,,